compound_id,split,cv_fold,half_life_min,class,binary_class,data_source
CPD-0001,train,0,7.13,Unstable,1,Old
CPD-0002,train,2,82.92,Stable,0,Old
CPD-0003,external_test,,120.0,Stable,0,New
CPD-0004,train,3,4.16,Unstable,1,Old
CPD-0005,train,1,110.35,Stable,0,New
CPD-0006,train,1,120.0,Stable,0,Old
CPD-0007,train,2,41.99,Stable,0,New
CPD-0008,train,3,90.36,Stable,0,Old
CPD-0009,external_test,,120.0,Stable,0,Old
CPD-0010,train,3,88.1,Stable,0,Old
CPD-0011,train,3,35.77,Stable,0,Old
CPD-0012,external_test,,120.0,Stable,0,New
CPD-0013,train,4,120.0,Stable,0,New
CPD-0014,train,1,119.3,Stable,0,New
CPD-0018,train,3,57.16,Stable,0,Old
CPD-0019,internal_test,,35.88,Stable,0,New
CPD-0020,train,1,120.0,Stable,0,New
CPD-0021,train,4,120.0,Stable,0,Old
CPD-0022,train,4,1.88,Unstable,1,Old
CPD-0023,train,4,120.0,Stable,0,New
CPD-0024,train,4,9.54,Unstable,1,Old
CPD-0025,train,0,120.0,Stable,0,Old
CPD-0026,train,4,120.0,Stable,0,New
CPD-0027,train,0,54.5,Stable,0,Old
CPD-0028,external_test,,23.98,Unstable,1,New
CPD-0029,train,4,120.0,Stable,0,New
CPD-0030,train,0,120.0,Stable,0,New
CPD-0031,train,4,117.3,Stable,0,Old
CPD-0032,train,0,120.0,Stable,0,New
CPD-0033,train,2,120.0,Stable,0,New
CPD-0035,train,0,120.0,Stable,0,New
CPD-0036,train,4,120.0,Stable,0,New
CPD-0037,train,2,120.0,Stable,0,New
CPD-0038,train,1,104.81,Stable,0,New
CPD-0039,internal_test,,120.0,Stable,0,Old
CPD-0040,train,2,120.0,Stable,0,Old
CPD-0041,train,0,120.0,Stable,0,Old
CPD-0042,train,3,107.1,Stable,0,New
CPD-0043,train,4,120.0,Stable,0,New
CPD-0044,internal_test,,120.0,Stable,0,Old
CPD-0045,train,2,120.0,Stable,0,New
CPD-0046,train,0,120.0,Stable,0,New
CPD-0047,train,1,116.63,Stable,0,Old
CPD-0048,train,0,9.76,Unstable,1,Old
CPD-0049,train,4,80.46,Stable,0,Old
CPD-0050,train,0,96.47,Stable,0,Old
CPD-0051,train,3,120.0,Stable,0,New
CPD-0052,train,3,120.0,Stable,0,New
CPD-0053,train,0,108.61,Stable,0,New
CPD-0054,train,1,120.0,Stable,0,Old
CPD-0055,train,0,104.7,Stable,0,New
CPD-0056,internal_test,,120.0,Stable,0,New
CPD-0057,train,3,120.0,Stable,0,Old
CPD-0058,train,0,120.0,Stable,0,New
CPD-0059,train,0,120.0,Stable,0,New
CPD-0060,train,0,120.0,Stable,0,New
CPD-0061,train,1,107.12,Stable,0,New
CPD-0062,train,2,120.0,Stable,0,New
CPD-0063,train,2,108.9214638,Stable,0,New
CPD-0064,internal_test,,120.0,Stable,0,New
CPD-0065,train,4,45.56,Stable,0,Old
CPD-0066,train,1,120.0,Stable,0,New
CPD-0067,train,3,39.88,Stable,0,New
CPD-0069,internal_test,,120.0,Stable,0,New
CPD-0070,internal_test,,120.0,Stable,0,Old
CPD-0071,train,3,120.0,Stable,0,Old
CPD-0072,train,1,120.0,Stable,0,Old
CPD-0073,train,0,1.1,Unstable,1,New
CPD-0074,train,4,73.17,Stable,0,Old
CPD-0075,train,2,120.0,Stable,0,New
CPD-0076,external_test,,39.37,Stable,0,New
CPD-0077,train,4,106.55,Stable,0,Old
CPD-0078,train,0,120.0,Stable,0,New
CPD-0079,internal_test,,120.0,Stable,0,Old
CPD-0080,train,4,120.0,Stable,0,New
CPD-0081,external_test,,120.0,Stable,0,Old
CPD-0082,train,0,120.0,Stable,0,New
CPD-0083,internal_test,,95.88,Stable,0,New
CPD-0084,train,2,11.09,Unstable,1,Old
CPD-0085,train,1,11.52,Unstable,1,Old
CPD-0086,train,0,15.28,Unstable,1,Old
CPD-0087,external_test,,42.94485982,Stable,0,New
CPD-0088,external_test,,120.0,Stable,0,New
CPD-0089,train,1,40.49,Stable,0,New
CPD-0090,train,4,120.0,Stable,0,New
CPD-0091,train,2,120.0,Stable,0,New
CPD-0092,train,3,120.0,Stable,0,New
CPD-0093,train,4,120.0,Stable,0,Old
CPD-0094,train,1,120.0,Stable,0,Old
CPD-0096,train,1,120.0,Stable,0,New
CPD-0097,train,3,120.0,Stable,0,New
CPD-0098,internal_test,,120.0,Stable,0,New
CPD-0099,train,4,120.0,Stable,0,Old
CPD-0100,train,3,120.0,Stable,0,New
CPD-0102,train,4,60.74,Stable,0,New
CPD-0103,train,3,91.45,Stable,0,New
CPD-0104,train,2,85.99,Stable,0,New
CPD-0105,train,4,12.75,Unstable,1,Old
CPD-0106,train,3,120.0,Stable,0,New
CPD-0107,internal_test,,15.49,Unstable,1,New
CPD-0108,train,4,53.19,Stable,0,New
CPD-0109,train,3,53.26,Stable,0,New
CPD-0110,train,3,120.0,Stable,0,Old
CPD-0111,train,1,7.2,Unstable,1,Old
CPD-0112,train,1,5.43,Unstable,1,Old
CPD-0113,external_test,,120.0,Stable,0,Old
CPD-0114,train,3,120.0,Stable,0,Old
CPD-0115,train,4,101.4,Stable,0,Old
CPD-0116,train,0,120.0,Stable,0,New
CPD-0117,train,3,120.0,Stable,0,Old
CPD-0118,internal_test,,68.59,Stable,0,Old
CPD-0119,train,2,95.24,Stable,0,New
CPD-0120,train,4,120.0,Stable,0,New
CPD-0121,internal_test,,120.0,Stable,0,New
CPD-0122,train,2,120.0,Stable,0,New
CPD-0123,train,1,2.0,Unstable,1,New
CPD-0124,train,1,120.0,Stable,0,New
CPD-0125,train,1,120.0,Stable,0,New
CPD-0127,external_test,,21.6,Unstable,1,Old
CPD-0128,external_test,,90.35,Stable,0,New
CPD-0129,train,2,120.0,Stable,0,Old
CPD-0130,train,0,9.95,Unstable,1,Old
CPD-0131,train,0,120.0,Stable,0,New
CPD-0132,train,0,42.4,Stable,0,Old
CPD-0133,train,0,42.5,Stable,0,New
CPD-0134,train,3,15.9317387,Unstable,1,New
CPD-0136,train,2,9.43,Unstable,1,Old
CPD-0137,train,4,120.0,Stable,0,New
CPD-0138,train,1,120.0,Stable,0,New
CPD-0139,train,3,120.0,Stable,0,New
CPD-0140,internal_test,,120.0,Stable,0,New
CPD-0142,train,1,15.14,Unstable,1,Old
CPD-0143,train,2,0.9,Unstable,1,Old
CPD-0144,train,0,120.0,Stable,0,Old
CPD-0145,train,4,66.55,Stable,0,Old
CPD-0146,train,3,120.0,Stable,0,New
CPD-0147,train,1,120.0,Stable,0,New
CPD-0148,external_test,,90.83,Stable,0,New
CPD-0149,external_test,,57.9,Stable,0,New
CPD-0150,train,4,120.0,Stable,0,New
CPD-0151,external_test,,120.0,Stable,0,New
CPD-0152,train,2,120.0,Stable,0,Old
CPD-0153,train,1,83.98,Stable,0,Old
CPD-0154,train,4,73.32179802,Stable,0,New
CPD-0155,train,0,46.41,Stable,0,Old
CPD-0156,train,2,120.0,Stable,0,Old
CPD-0157,train,1,120.0,Stable,0,New
CPD-0158,train,0,120.0,Stable,0,New
CPD-0159,train,3,120.0,Stable,0,New
CPD-0160,train,3,24.81,Unstable,1,New
CPD-0161,train,1,120.0,Stable,0,New
CPD-0162,internal_test,,120.0,Stable,0,Old
CPD-0163,train,2,120.0,Stable,0,New
CPD-0164,train,4,120.0,Stable,0,Old
CPD-0165,train,4,46.37,Stable,0,Old
CPD-0166,train,3,105.48,Stable,0,Old
CPD-0167,train,3,120.0,Stable,0,New
CPD-0168,external_test,,61.89,Stable,0,Old
CPD-0169,train,3,83.98,Stable,0,New
CPD-0170,train,0,120.0,Stable,0,New
CPD-0171,train,1,120.0,Stable,0,Old
CPD-0172,train,4,111.1039699,Stable,0,New
CPD-0173,train,3,120.0,Stable,0,New
CPD-0174,train,1,3.11,Unstable,1,Old
CPD-0175,train,2,92.54,Stable,0,Old
CPD-0176,external_test,,82.24,Stable,0,Old
CPD-0177,train,2,52.67,Stable,0,New
CPD-0178,train,2,52.33,Stable,0,New
CPD-0179,train,1,65.09,Stable,0,Old
CPD-0180,internal_test,,58.12,Stable,0,Old
CPD-0181,train,1,120.0,Stable,0,New
CPD-0182,train,0,120.0,Stable,0,Old
CPD-0183,external_test,,5.37,Unstable,1,New
CPD-0184,train,1,120.0,Stable,0,New
CPD-0185,train,0,120.0,Stable,0,New
CPD-0186,train,3,95.61,Stable,0,New
CPD-0187,train,2,120.0,Stable,0,New
CPD-0188,external_test,,120.0,Stable,0,New
CPD-0189,train,2,120.0,Stable,0,New
CPD-0190,train,0,31.21,Stable,0,Old
CPD-0191,train,1,120.0,Stable,0,Old
CPD-0192,train,4,120.0,Stable,0,New
CPD-0193,train,4,120.0,Stable,0,New
CPD-0194,external_test,,6.16,Unstable,1,Old
CPD-0195,internal_test,,120.0,Stable,0,New
CPD-0196,internal_test,,8.5,Unstable,1,Old
CPD-0197,external_test,,114.23,Stable,0,Old
CPD-0198,internal_test,,118.92,Stable,0,New
CPD-0199,train,1,5.56,Unstable,1,New
CPD-0200,train,0,114.13,Stable,0,New
CPD-0201,train,4,3.84,Unstable,1,Old
CPD-0202,train,2,0.83,Unstable,1,Old
CPD-0203,external_test,,4.7,Unstable,1,New
CPD-0204,train,4,120.0,Stable,0,New
CPD-0205,external_test,,116.68,Stable,0,New
CPD-0206,train,0,120.0,Stable,0,New
CPD-0207,train,3,120.0,Stable,0,New
CPD-0208,train,2,120.0,Stable,0,New
CPD-0209,train,2,120.0,Stable,0,New
CPD-0210,train,0,120.0,Stable,0,New
CPD-0211,train,2,120.0,Stable,0,Old
CPD-0212,train,4,120.0,Stable,0,New
CPD-0213,external_test,,7.42,Unstable,1,New
CPD-0214,train,2,92.54,Stable,0,Old
CPD-0215,train,3,46.25,Stable,0,Old
CPD-0216,train,3,120.0,Stable,0,New
CPD-0217,internal_test,,76.2,Stable,0,Old
CPD-0218,train,1,120.0,Stable,0,New
CPD-0219,train,3,60.56,Stable,0,Old
CPD-0220,train,4,120.0,Stable,0,New
CPD-0221,train,3,65.49,Stable,0,New
CPD-0222,train,1,120.0,Stable,0,Old
CPD-0223,train,1,87.59,Stable,0,Old
CPD-0224,train,4,119.66,Stable,0,Old
CPD-0225,train,4,106.53,Stable,0,Old
CPD-0226,train,4,57.5,Stable,0,Old
CPD-0227,train,4,120.0,Stable,0,New
CPD-0228,train,2,120.0,Stable,0,New
CPD-0229,train,1,12.81,Unstable,1,Old
CPD-0230,train,4,65.03237648,Stable,0,New
CPD-0231,external_test,,113.69,Stable,0,New
CPD-0232,internal_test,,120.0,Stable,0,New
CPD-0233,train,0,120.0,Stable,0,New
CPD-0234,train,1,120.0,Stable,0,Old
CPD-0235,internal_test,,120.0,Stable,0,New
CPD-0236,external_test,,120.0,Stable,0,New
CPD-0237,train,4,94.27,Stable,0,New
CPD-0238,internal_test,,91.58,Stable,0,Old
CPD-0241,train,4,120.0,Stable,0,New
CPD-0243,train,3,120.0,Stable,0,New
CPD-0244,train,2,120.0,Stable,0,New
CPD-0245,train,4,101.59,Stable,0,Old
CPD-0247,external_test,,120.0,Stable,0,New
CPD-0248,train,1,2.0,Unstable,1,Old
CPD-0249,train,1,120.0,Stable,0,New
CPD-0250,external_test,,90.93,Stable,0,New
CPD-0251,train,4,38.61,Stable,0,Old
CPD-0252,train,3,19.47,Unstable,1,Old
CPD-0253,external_test,,8.97,Unstable,1,Old
CPD-0255,train,4,120.0,Stable,0,New
CPD-0256,train,3,120.0,Stable,0,Old
CPD-0257,train,3,106.1,Stable,0,Old
CPD-0258,train,3,120.0,Stable,0,Old
CPD-0259,external_test,,29.08,Unstable,1,Old
CPD-0260,train,2,10.57,Unstable,1,Old
CPD-0262,train,4,120.0,Stable,0,New
CPD-0263,train,0,17.24,Unstable,1,New
CPD-0264,train,2,117.43,Stable,0,Old
CPD-0265,train,0,120.0,Stable,0,Old
CPD-0266,train,3,120.0,Stable,0,New
CPD-0267,train,3,120.0,Stable,0,New
CPD-0268,train,1,49.29,Stable,0,New
CPD-0269,train,4,100.49,Stable,0,Old
CPD-0270,external_test,,120.0,Stable,0,New
CPD-0271,train,3,25.22,Unstable,1,Old
CPD-0272,train,2,120.0,Stable,0,New
CPD-0273,train,4,120.0,Stable,0,New
CPD-0274,external_test,,3.29,Unstable,1,Old
CPD-0275,train,2,120.0,Stable,0,New
CPD-0276,train,4,91.19,Stable,0,Old
CPD-0277,external_test,,120.0,Stable,0,New
CPD-0278,train,3,91.59,Stable,0,Old
CPD-0279,train,2,108.6,Stable,0,Old
CPD-0280,train,0,58.97,Stable,0,Old
CPD-0281,train,1,100.65,Stable,0,New
CPD-0282,train,1,120.0,Stable,0,New
CPD-0283,train,4,120.0,Stable,0,Old
CPD-0284,train,2,120.0,Stable,0,New
CPD-0285,train,2,116.0,Stable,0,New
CPD-0286,train,1,120.0,Stable,0,New
CPD-0287,internal_test,,120.0,Stable,0,New
CPD-0289,internal_test,,120.0,Stable,0,Old
CPD-0290,external_test,,110.61,Stable,0,Old
CPD-0291,train,1,120.0,Stable,0,Old
CPD-0292,train,4,120.0,Stable,0,New
CPD-0293,train,4,120.0,Stable,0,Old
CPD-0294,train,3,120.0,Stable,0,New
CPD-0295,train,4,120.0,Stable,0,Old
CPD-0296,train,1,120.0,Stable,0,New
CPD-0297,train,4,120.0,Stable,0,New
CPD-0298,external_test,,120.0,Stable,0,Old
CPD-0299,train,4,120.0,Stable,0,Old
CPD-0300,train,3,106.29,Stable,0,New
CPD-0301,train,4,120.0,Stable,0,New
CPD-0302,internal_test,,104.71,Stable,0,Old
CPD-0303,train,3,120.0,Stable,0,New
CPD-0304,train,2,120.0,Stable,0,Old
CPD-0305,train,2,39.54,Stable,0,Old
CPD-0306,train,2,105.19,Stable,0,Old
CPD-0307,external_test,,120.0,Stable,0,New
CPD-0308,train,2,120.0,Stable,0,New
CPD-0309,train,0,120.0,Stable,0,Old
CPD-0310,train,0,78.08,Stable,0,New
CPD-0311,train,4,120.0,Stable,0,New
CPD-0312,train,1,11.62,Unstable,1,Old
CPD-0313,internal_test,,112.07,Stable,0,Old
CPD-0314,train,2,120.0,Stable,0,New
CPD-0315,train,1,120.0,Stable,0,New
CPD-0316,train,0,97.48,Stable,0,Old
CPD-0317,train,0,40.01,Stable,0,Old
CPD-0318,train,4,120.0,Stable,0,Old
CPD-0320,train,0,30.93,Stable,0,Old
CPD-0321,train,3,65.88343904,Stable,0,New
CPD-0322,train,0,120.0,Stable,0,Old
CPD-0323,train,1,82.0,Stable,0,New
CPD-0324,train,1,109.9999394,Stable,0,New
CPD-0325,train,3,120.0,Stable,0,Old
CPD-0326,train,3,77.27,Stable,0,Old
CPD-0327,train,4,120.0,Stable,0,Old
CPD-0328,train,1,120.0,Stable,0,Old
CPD-0329,train,1,120.0,Stable,0,New
CPD-0330,internal_test,,120.0,Stable,0,New
CPD-0331,internal_test,,120.0,Stable,0,New
CPD-0332,train,0,120.0,Stable,0,New
CPD-0333,train,3,120.0,Stable,0,Old
CPD-0334,train,1,113.69,Stable,0,Old
CPD-0335,train,2,32.42,Stable,0,New
CPD-0338,train,3,1.64,Unstable,1,Old
CPD-0339,external_test,,54.9,Stable,0,New
CPD-0340,train,3,81.21442644,Stable,0,New
CPD-0341,train,1,10.47,Unstable,1,Old
CPD-0342,train,1,120.0,Stable,0,New
CPD-0343,train,4,11.03,Unstable,1,Old
CPD-0344,train,0,33.35,Stable,0,Old
CPD-0345,train,0,120.0,Stable,0,Old
CPD-0346,train,2,8.59,Unstable,1,New
CPD-0347,train,3,40.69,Stable,0,Old
CPD-0348,train,3,107.47,Stable,0,New
CPD-0349,external_test,,47.87,Stable,0,Old
CPD-0350,internal_test,,120.0,Stable,0,Old
CPD-0351,train,4,120.0,Stable,0,Old
CPD-0352,train,2,120.0,Stable,0,New
CPD-0353,train,4,112.81,Stable,0,New
CPD-0354,train,4,53.44,Stable,0,New
CPD-0355,train,2,120.0,Stable,0,New
CPD-0356,train,0,83.16,Stable,0,New
CPD-0357,internal_test,,57.75392657,Stable,0,New
CPD-0358,train,0,104.25,Stable,0,New
CPD-0359,train,3,94.75,Stable,0,Old
CPD-0360,internal_test,,2.03,Unstable,1,Old
CPD-0361,train,3,65.38501973,Stable,0,New
CPD-0362,train,0,120.0,Stable,0,New
CPD-0363,train,0,120.0,Stable,0,New
CPD-0364,train,1,120.0,Stable,0,Old
CPD-0365,train,2,5.81,Unstable,1,Old
CPD-0366,train,3,111.05,Stable,0,Old
CPD-0367,train,0,9.04,Unstable,1,Old
CPD-0368,train,0,120.0,Stable,0,New
CPD-0369,train,0,120.0,Stable,0,Old
CPD-0370,train,2,120.0,Stable,0,New
CPD-0371,train,1,120.0,Stable,0,Old
CPD-0372,train,4,120.0,Stable,0,New
CPD-0373,train,3,120.0,Stable,0,New
CPD-0374,train,0,120.0,Stable,0,Old
CPD-0375,external_test,,120.0,Stable,0,New
CPD-0376,train,0,120.0,Stable,0,New
CPD-0377,train,1,120.0,Stable,0,Old
CPD-0378,train,0,41.73,Stable,0,New
CPD-0379,train,2,4.0,Unstable,1,Old
CPD-0380,external_test,,72.73824563,Stable,0,New
CPD-0382,external_test,,120.0,Stable,0,New
CPD-0383,train,3,90.59,Stable,0,New
CPD-0384,internal_test,,2.27,Unstable,1,Old
CPD-0385,train,2,76.84,Stable,0,Old
CPD-0386,train,1,120.0,Stable,0,Old
CPD-0387,train,2,120.0,Stable,0,Old
CPD-0388,train,0,81.18,Stable,0,Old
CPD-0389,internal_test,,120.0,Stable,0,New
CPD-0390,train,2,91.48,Stable,0,New
CPD-0391,external_test,,79.33,Stable,0,New
CPD-0392,train,2,97.21,Stable,0,New
CPD-0393,internal_test,,108.88,Stable,0,Old
CPD-0394,train,1,14.91,Unstable,1,Old
CPD-0395,train,1,120.0,Stable,0,New
CPD-0396,train,0,80.27,Stable,0,Old
CPD-0397,internal_test,,120.0,Stable,0,Old
CPD-0398,train,0,120.0,Stable,0,New
CPD-0399,internal_test,,24.62,Unstable,1,New
CPD-0400,train,3,105.0,Stable,0,New
CPD-0401,train,3,26.62,Unstable,1,Old
CPD-0403,train,3,0.82,Unstable,1,Old
CPD-0404,train,3,87.21586039,Stable,0,New
CPD-0405,train,0,120.0,Stable,0,New
CPD-0406,train,1,120.0,Stable,0,New
CPD-0407,train,3,120.0,Stable,0,New
CPD-0408,train,0,120.0,Stable,0,New
CPD-0409,external_test,,61.56,Stable,0,Old
CPD-0410,train,1,30.42,Stable,0,Old
CPD-0411,train,3,82.76,Stable,0,Old
CPD-0412,train,4,120.0,Stable,0,New
CPD-0413,train,2,12.58,Unstable,1,Old
CPD-0414,train,2,120.0,Stable,0,New
CPD-0415,train,1,98.16,Stable,0,Old
CPD-0416,train,3,120.0,Stable,0,New
CPD-0417,train,3,108.396254,Stable,0,New
CPD-0418,train,0,120.0,Stable,0,Old
CPD-0419,internal_test,,120.0,Stable,0,New
CPD-0420,train,2,120.0,Stable,0,New
CPD-0421,train,4,120.0,Stable,0,New
CPD-0422,train,2,97.71,Stable,0,New
CPD-0423,external_test,,120.0,Stable,0,New
CPD-0424,train,4,72.89,Stable,0,Old
CPD-0425,internal_test,,68.92,Stable,0,Old
CPD-0426,external_test,,99.05,Stable,0,Old
CPD-0427,external_test,,120.0,Stable,0,New
CPD-0428,internal_test,,120.0,Stable,0,New
CPD-0429,train,1,120.0,Stable,0,Old
CPD-0430,train,2,120.0,Stable,0,New
CPD-0431,external_test,,120.0,Stable,0,New
CPD-0432,train,2,120.0,Stable,0,Old
CPD-0433,train,2,120.0,Stable,0,New
CPD-0434,train,1,120.0,Stable,0,New
CPD-0435,train,4,120.0,Stable,0,New
CPD-0436,external_test,,22.94,Unstable,1,New
CPD-0437,train,2,120.0,Stable,0,New
CPD-0438,train,0,120.0,Stable,0,Old
CPD-0439,internal_test,,72.66,Stable,0,New
CPD-0440,internal_test,,120.0,Stable,0,Old
CPD-0441,external_test,,120.0,Stable,0,New
CPD-0442,train,1,16.83,Unstable,1,New
CPD-0443,internal_test,,120.0,Stable,0,New
CPD-0444,train,2,77.05,Stable,0,Old
CPD-0445,train,2,120.0,Stable,0,Old
CPD-0446,train,4,120.0,Stable,0,Old
CPD-0447,train,2,120.0,Stable,0,New
CPD-0448,train,4,7.482935751,Unstable,1,New
CPD-0449,train,2,120.0,Stable,0,New
CPD-0450,train,3,120.0,Stable,0,New
CPD-0451,train,4,87.09,Stable,0,New
CPD-0452,train,1,13.21,Unstable,1,New
CPD-0453,train,1,26.06,Unstable,1,Old
CPD-0454,train,3,24.63,Unstable,1,Old
CPD-0455,train,3,120.0,Stable,0,Old
CPD-0456,train,1,65.21,Stable,0,Old
CPD-0457,train,2,67.26,Stable,0,New
CPD-0459,external_test,,120.0,Stable,0,New
CPD-0460,internal_test,,69.95,Stable,0,Old
CPD-0461,internal_test,,120.0,Stable,0,New
CPD-0462,train,1,120.0,Stable,0,New
CPD-0463,train,3,120.0,Stable,0,New
CPD-0465,internal_test,,92.4,Stable,0,Old
CPD-0466,train,1,95.33,Stable,0,New
CPD-0468,train,1,120.0,Stable,0,New
CPD-0469,train,2,95.55,Stable,0,New
CPD-0470,train,3,115.86,Stable,0,New
CPD-0471,train,3,112.31,Stable,0,Old
CPD-0472,train,3,120.0,Stable,0,Old
CPD-0473,train,4,70.36960332,Stable,0,New
CPD-0474,train,2,120.0,Stable,0,Old
CPD-0475,train,2,75.02,Stable,0,New
CPD-0476,train,1,34.39,Stable,0,Old
CPD-0477,train,1,44.74,Stable,0,New
CPD-0478,train,1,120.0,Stable,0,Old
CPD-0479,internal_test,,25.5,Unstable,1,New
CPD-0480,train,1,120.0,Stable,0,Old
CPD-0481,external_test,,8.19,Unstable,1,Old
CPD-0482,train,1,120.0,Stable,0,Old
CPD-0483,train,3,107.76,Stable,0,New
CPD-0484,external_test,,120.0,Stable,0,New
CPD-0485,train,2,120.0,Stable,0,New
CPD-0486,train,1,120.0,Stable,0,New
CPD-0487,train,3,1.9,Unstable,1,Old
CPD-0488,train,3,120.0,Stable,0,New
CPD-0489,train,0,77.46,Stable,0,New
CPD-0490,train,0,120.0,Stable,0,Old
CPD-0491,train,3,79.55698328,Stable,0,New
CPD-0492,train,0,91.18,Stable,0,Old
CPD-0493,train,0,120.0,Stable,0,New
CPD-0494,train,3,20.24,Unstable,1,Old
CPD-0495,train,2,79.38,Stable,0,New
CPD-0496,internal_test,,120.0,Stable,0,New
CPD-0497,train,0,120.0,Stable,0,Old
CPD-0498,train,4,120.0,Stable,0,Old
CPD-0499,train,2,41.52,Stable,0,Old
CPD-0500,train,4,120.0,Stable,0,Old
CPD-0501,train,3,120.0,Stable,0,Old
CPD-0502,train,3,120.0,Stable,0,New
CPD-0503,train,2,103.31,Stable,0,New
CPD-0504,external_test,,19.05,Unstable,1,Old
CPD-0505,train,2,116.27,Stable,0,New
CPD-0506,train,0,120.0,Stable,0,Old
CPD-0507,train,3,120.0,Stable,0,New
CPD-0508,internal_test,,120.0,Stable,0,New
CPD-0509,external_test,,120.0,Stable,0,New
CPD-0510,train,0,8.76,Unstable,1,New
CPD-0511,train,3,111.74,Stable,0,New
CPD-0512,train,4,105.22,Stable,0,Old
CPD-0513,train,4,18.66,Unstable,1,Old
CPD-0514,external_test,,120.0,Stable,0,New
CPD-0515,train,3,120.0,Stable,0,New
CPD-0516,train,4,120.0,Stable,0,New
CPD-0517,internal_test,,30.43,Stable,0,Old
CPD-0518,train,0,105.9873648,Stable,0,New
CPD-0519,train,4,2.5,Unstable,1,Old
CPD-0520,external_test,,120.0,Stable,0,New
CPD-0521,train,1,120.0,Stable,0,New
CPD-0522,train,0,120.0,Stable,0,Old
CPD-0523,train,0,103.71,Stable,0,New
CPD-0524,train,4,107.96,Stable,0,New
CPD-0525,external_test,,120.0,Stable,0,New
CPD-0526,train,0,86.17,Stable,0,New
CPD-0527,train,2,120.0,Stable,0,New
CPD-0528,train,4,29.07,Unstable,1,Old
CPD-0529,train,2,13.76,Unstable,1,Old
CPD-0530,train,1,97.39637837,Stable,0,New
CPD-0531,train,3,120.0,Stable,0,New
CPD-0532,train,1,120.0,Stable,0,New
CPD-0533,train,4,89.88927347,Stable,0,New
CPD-0534,train,3,120.0,Stable,0,New
CPD-0535,train,0,70.91,Stable,0,Old
CPD-0536,train,1,107.3,Stable,0,Old
CPD-0537,train,1,120.0,Stable,0,New
CPD-0538,train,3,120.0,Stable,0,Old
CPD-0540,train,4,97.91530355,Stable,0,New
CPD-0541,train,3,120.0,Stable,0,Old
CPD-0542,external_test,,24.31,Unstable,1,Old
CPD-0543,train,3,66.94,Stable,0,New
CPD-0544,train,4,108.55,Stable,0,New
CPD-0545,train,1,120.0,Stable,0,Old
CPD-0546,train,1,25.89,Unstable,1,Old
CPD-0547,train,2,120.0,Stable,0,Old
CPD-0548,external_test,,120.0,Stable,0,New
CPD-0549,train,3,120.0,Stable,0,New
CPD-0550,train,3,120.0,Stable,0,New
CPD-0551,train,2,120.0,Stable,0,Old
CPD-0552,train,3,120.0,Stable,0,New
CPD-0553,train,4,120.0,Stable,0,Old
CPD-0554,external_test,,120.0,Stable,0,Old
CPD-0555,train,4,91.89,Stable,0,Old
CPD-0556,train,0,92.83,Stable,0,New
CPD-0557,train,1,120.0,Stable,0,New
CPD-0558,train,2,120.0,Stable,0,New
CPD-0559,train,3,58.83,Stable,0,Old
CPD-0560,train,4,79.17,Stable,0,New
CPD-0561,train,1,120.0,Stable,0,New
CPD-0562,train,0,74.12,Stable,0,Old
CPD-0563,train,1,109.52,Stable,0,Old
CPD-0564,external_test,,120.0,Stable,0,New
CPD-0565,train,4,120.0,Stable,0,New
CPD-0566,train,1,120.0,Stable,0,Old
CPD-0567,internal_test,,82.41,Stable,0,New
CPD-0568,train,3,120.0,Stable,0,Old
CPD-0569,train,2,13.29,Unstable,1,New
CPD-0570,train,2,13.79,Unstable,1,Old
CPD-0571,train,2,120.0,Stable,0,New
CPD-0572,train,3,120.0,Stable,0,Old
CPD-0573,train,0,120.0,Stable,0,New
CPD-0574,external_test,,63.61,Stable,0,Old
CPD-0575,internal_test,,40.9,Stable,0,Old
CPD-0576,train,4,120.0,Stable,0,New
CPD-0577,train,4,58.54,Stable,0,Old
CPD-0578,internal_test,,41.37,Stable,0,Old
CPD-0579,train,0,120.0,Stable,0,New
CPD-0580,train,3,67.94,Stable,0,Old
CPD-0581,train,0,120.0,Stable,0,Old
CPD-0582,train,3,72.94,Stable,0,Old
CPD-0583,train,4,120.0,Stable,0,Old
CPD-0584,train,3,96.92,Stable,0,Old
CPD-0585,train,3,20.57,Unstable,1,Old
CPD-0586,train,2,2.42,Unstable,1,Old
CPD-0587,internal_test,,120.0,Stable,0,Old
CPD-0588,train,4,112.1334205,Stable,0,New
CPD-0589,train,2,120.0,Stable,0,New
CPD-0590,train,3,120.0,Stable,0,New
CPD-0591,train,0,120.0,Stable,0,New
CPD-0592,train,4,120.0,Stable,0,New
CPD-0593,train,2,80.9,Stable,0,New
CPD-0594,internal_test,,29.43,Unstable,1,New
CPD-0595,external_test,,120.0,Stable,0,New
CPD-0596,train,2,107.87,Stable,0,Old
CPD-0597,train,0,0.94,Unstable,1,Old
CPD-0598,external_test,,120.0,Stable,0,Old
CPD-0599,internal_test,,120.0,Stable,0,New
CPD-0600,internal_test,,120.0,Stable,0,Old
CPD-0601,train,0,72.77,Stable,0,Old
CPD-0602,train,2,120.0,Stable,0,New
CPD-0603,train,1,32.31,Stable,0,Old
CPD-0604,external_test,,120.0,Stable,0,Old
CPD-0606,external_test,,120.0,Stable,0,New
CPD-0607,train,4,97.1,Stable,0,Old
CPD-0608,train,4,120.0,Stable,0,New
CPD-0609,train,1,46.0,Stable,0,Old
CPD-0610,train,1,59.84,Stable,0,Old
CPD-0611,external_test,,120.0,Stable,0,New
CPD-0612,train,0,120.0,Stable,0,Old
CPD-0613,train,0,120.0,Stable,0,New
CPD-0614,internal_test,,120.0,Stable,0,Old
CPD-0615,train,4,120.0,Stable,0,New
CPD-0616,internal_test,,120.0,Stable,0,New
CPD-0617,train,4,61.24721209,Stable,0,New
CPD-0618,train,1,120.0,Stable,0,New
CPD-0619,train,2,4.79,Unstable,1,Old
CPD-0620,external_test,,120.0,Stable,0,New
CPD-0621,train,1,12.7,Unstable,1,Old
CPD-0622,train,3,32.22,Stable,0,New
CPD-0623,train,2,120.0,Stable,0,Old
CPD-0624,train,3,120.0,Stable,0,Old
CPD-0625,train,2,120.0,Stable,0,New
CPD-0626,internal_test,,44.01,Stable,0,New
CPD-0627,train,1,63.7,Stable,0,Old
CPD-0628,train,2,120.0,Stable,0,New
CPD-0629,train,3,120.0,Stable,0,New
CPD-0630,train,2,76.55,Stable,0,Old
CPD-0631,train,1,120.0,Stable,0,New
CPD-0632,train,1,120.0,Stable,0,Old
CPD-0633,train,3,90.79942371,Stable,0,New
CPD-0634,train,0,120.0,Stable,0,New
CPD-0635,internal_test,,92.4,Stable,0,New
CPD-0636,train,3,9.18,Unstable,1,Old
CPD-0637,train,4,120.0,Stable,0,New
CPD-0638,train,0,120.0,Stable,0,Old
CPD-0639,train,3,5.150504579,Unstable,1,New
CPD-0640,train,3,1.933039741,Unstable,1,New
CPD-0641,external_test,,120.0,Stable,0,New
CPD-0642,train,0,120.0,Stable,0,New
CPD-0643,train,2,98.48,Stable,0,Old
CPD-0644,train,1,120.0,Stable,0,New
CPD-0645,train,2,120.0,Stable,0,New
CPD-0646,train,3,120.0,Stable,0,Old
CPD-0647,train,2,51.13,Stable,0,New
CPD-0648,internal_test,,120.0,Stable,0,New
CPD-0649,train,1,120.0,Stable,0,Old
CPD-0650,train,1,84.84654327,Stable,0,New
CPD-0651,external_test,,12.64,Unstable,1,Old
CPD-0652,external_test,,120.0,Stable,0,New
CPD-0653,train,2,120.0,Stable,0,New
CPD-0654,train,4,55.69,Stable,0,New
CPD-0655,train,1,120.0,Stable,0,Old
CPD-0657,internal_test,,120.0,Stable,0,New
CPD-0658,train,4,116.0,Stable,0,Old
CPD-0659,train,3,120.0,Stable,0,New
CPD-0660,train,0,120.0,Stable,0,Old
CPD-0661,train,2,120.0,Stable,0,New
CPD-0662,external_test,,120.0,Stable,0,New
CPD-0663,train,0,3.72,Unstable,1,Old
CPD-0664,train,1,59.47,Stable,0,Old
CPD-0665,train,3,106.65,Stable,0,Old
CPD-0666,train,2,108.98,Stable,0,Old
CPD-0667,train,1,0.89,Unstable,1,Old
CPD-0668,train,3,120.0,Stable,0,New
CPD-0669,train,3,113.49,Stable,0,Old
CPD-0670,train,2,120.0,Stable,0,New
CPD-0671,train,1,108.87,Stable,0,New
CPD-0673,train,3,51.41,Stable,0,New
CPD-0674,train,2,62.86,Stable,0,New
CPD-0675,train,4,120.0,Stable,0,Old
CPD-0676,train,4,120.0,Stable,0,New
CPD-0677,train,2,120.0,Stable,0,New
CPD-0678,train,0,120.0,Stable,0,Old
CPD-0679,train,4,34.72,Stable,0,New
CPD-0680,train,1,0.78,Unstable,1,Old
CPD-0681,train,3,48.19,Stable,0,Old
CPD-0683,train,1,101.93,Stable,0,Old
CPD-0684,train,0,120.0,Stable,0,Old
CPD-0685,external_test,,120.0,Stable,0,New
CPD-0686,train,1,44.48,Stable,0,Old
CPD-0687,internal_test,,120.0,Stable,0,Old
CPD-0688,train,3,11.8,Unstable,1,Old
CPD-0689,train,1,8.29,Unstable,1,Old
CPD-0690,train,3,22.16,Unstable,1,Old
CPD-0691,train,1,17.41,Unstable,1,New
CPD-0692,train,0,120.0,Stable,0,Old
CPD-0693,train,3,33.21,Stable,0,New
CPD-0694,train,4,91.34723322,Stable,0,New
CPD-0695,train,1,52.59,Stable,0,Old
CPD-0696,train,0,114.47,Stable,0,Old
CPD-0697,train,0,120.0,Stable,0,New
CPD-0698,train,3,22.25,Unstable,1,New
CPD-0699,train,2,120.0,Stable,0,New
CPD-0700,train,2,120.0,Stable,0,New
CPD-0701,train,1,120.0,Stable,0,New
CPD-0702,train,4,20.52,Unstable,1,New
CPD-0703,train,3,83.44,Stable,0,New
CPD-0704,train,4,113.82,Stable,0,New
CPD-0705,train,3,1.79,Unstable,1,Old
CPD-0706,train,2,120.0,Stable,0,New
CPD-0707,train,4,120.0,Stable,0,New
CPD-0708,internal_test,,120.0,Stable,0,New
CPD-0709,train,1,46.01,Stable,0,Old
CPD-0710,train,2,120.0,Stable,0,Old
CPD-0711,train,1,120.0,Stable,0,Old
CPD-0712,train,0,40.94785053,Stable,0,New
CPD-0713,external_test,,43.27,Stable,0,Old
CPD-0714,train,2,120.0,Stable,0,New
CPD-0715,train,0,116.51,Stable,0,Old
CPD-0716,train,2,120.0,Stable,0,Old
CPD-0717,train,4,93.82,Stable,0,Old
CPD-0718,internal_test,,51.7,Stable,0,Old
CPD-0719,train,4,120.0,Stable,0,New
CPD-0720,train,3,120.0,Stable,0,New
CPD-0721,train,4,120.0,Stable,0,New
CPD-0722,train,3,120.0,Stable,0,New
CPD-0723,internal_test,,120.0,Stable,0,Old
CPD-0724,train,4,120.0,Stable,0,New
CPD-0725,train,1,120.0,Stable,0,New
CPD-0726,train,1,109.08,Stable,0,New
CPD-0727,train,3,0.86,Unstable,1,Old
CPD-0728,train,4,91.86,Stable,0,Old
CPD-0729,train,3,115.77,Stable,0,New
CPD-0730,train,0,120.0,Stable,0,New
CPD-0731,external_test,,120.0,Stable,0,New
CPD-0732,internal_test,,120.0,Stable,0,Old
CPD-0733,train,1,115.49,Stable,0,New
CPD-0734,train,4,120.0,Stable,0,Old
CPD-0735,train,2,120.0,Stable,0,New
CPD-0736,train,2,27.96,Unstable,1,Old
CPD-0737,train,1,120.0,Stable,0,New
CPD-0738,train,4,95.66,Stable,0,Old
CPD-0740,external_test,,108.59,Stable,0,Old
CPD-0741,train,1,110.57,Stable,0,New
CPD-0742,train,3,120.0,Stable,0,Old
CPD-0743,train,0,120.0,Stable,0,New
CPD-0744,train,3,120.0,Stable,0,New
CPD-0746,train,3,53.11,Stable,0,Old
CPD-0747,internal_test,,81.82,Stable,0,Old
CPD-0748,train,4,26.67,Unstable,1,New
CPD-0749,internal_test,,49.9,Stable,0,Old
CPD-0750,train,0,120.0,Stable,0,New
CPD-0751,train,3,112.4478233,Stable,0,New
CPD-0752,external_test,,120.0,Stable,0,New
CPD-0753,external_test,,77.29,Stable,0,New
CPD-0754,train,3,89.63,Stable,0,New
CPD-0755,train,4,32.4,Stable,0,Old
CPD-0756,internal_test,,120.0,Stable,0,Old
CPD-0757,train,2,116.88,Stable,0,New
CPD-0758,train,0,120.0,Stable,0,Old
CPD-0759,train,1,120.0,Stable,0,Old
CPD-0761,train,4,117.74,Stable,0,Old
CPD-0762,train,0,120.0,Stable,0,Old
CPD-0763,train,3,120.0,Stable,0,New
CPD-0764,train,1,120.0,Stable,0,New
CPD-0765,train,1,120.0,Stable,0,New
CPD-0766,train,4,16.62,Unstable,1,New
CPD-0767,external_test,,104.81,Stable,0,Old
CPD-0768,train,2,24.8,Unstable,1,Old
CPD-0769,train,1,11.23,Unstable,1,Old
CPD-0770,train,3,15.31,Unstable,1,Old
CPD-0771,train,1,120.0,Stable,0,New
CPD-0772,train,0,93.98,Stable,0,Old
CPD-0773,train,0,112.33,Stable,0,Old
CPD-0774,train,3,57.43,Stable,0,New
CPD-0775,train,2,120.0,Stable,0,New
CPD-0776,train,1,120.0,Stable,0,New
CPD-0777,train,4,120.0,Stable,0,New
CPD-0778,train,3,120.0,Stable,0,Old
CPD-0779,internal_test,,120.0,Stable,0,New
CPD-0780,train,2,119.46,Stable,0,New
CPD-0781,train,0,120.0,Stable,0,Old
CPD-0782,train,2,95.46,Stable,0,Old
CPD-0783,internal_test,,120.0,Stable,0,New
CPD-0784,train,0,120.0,Stable,0,New
CPD-0785,train,3,17.77132824,Unstable,1,New
CPD-0786,external_test,,120.0,Stable,0,New
CPD-0787,internal_test,,53.47,Stable,0,New
CPD-0788,train,3,120.0,Stable,0,New
CPD-0789,external_test,,120.0,Stable,0,Old
CPD-0790,train,4,120.0,Stable,0,New
CPD-0792,train,4,106.14,Stable,0,New
CPD-0793,train,0,120.0,Stable,0,Old
CPD-0794,train,1,31.04,Stable,0,New
CPD-0795,train,1,120.0,Stable,0,Old
CPD-0796,train,3,120.0,Stable,0,New
CPD-0797,train,1,120.0,Stable,0,New
CPD-0798,train,4,120.0,Stable,0,New
CPD-0799,train,4,120.0,Stable,0,New
CPD-0800,train,2,120.0,Stable,0,New
CPD-0801,train,1,120.0,Stable,0,New
CPD-0802,train,3,120.0,Stable,0,New
CPD-0803,train,3,120.0,Stable,0,Old
CPD-0804,external_test,,67.16,Stable,0,New
CPD-0805,train,2,70.65,Stable,0,New
CPD-0806,train,3,61.81,Stable,0,Old
CPD-0807,train,4,120.0,Stable,0,New
CPD-0808,external_test,,87.7,Stable,0,New
CPD-0809,internal_test,,120.0,Stable,0,Old
CPD-0810,train,1,18.71,Unstable,1,Old
CPD-0811,train,1,70.79,Stable,0,New
CPD-0812,train,4,37.73,Stable,0,Old
CPD-0813,train,1,106.09,Stable,0,Old
CPD-0814,external_test,,120.0,Stable,0,New
CPD-0815,train,0,120.0,Stable,0,Old
CPD-0816,train,1,120.0,Stable,0,Old
CPD-0817,train,3,4.47,Unstable,1,New
CPD-0818,train,1,65.31,Stable,0,Old
CPD-0819,train,2,120.0,Stable,0,New
CPD-0820,train,1,7.61,Unstable,1,Old
CPD-0821,train,3,120.0,Stable,0,New
CPD-0823,train,2,28.21,Unstable,1,New
CPD-0824,train,4,120.0,Stable,0,New
CPD-0825,train,4,66.24,Stable,0,Old
CPD-0826,train,1,40.04,Stable,0,New
CPD-0827,external_test,,21.83251172,Unstable,1,New
CPD-0828,train,0,120.0,Stable,0,New
CPD-0829,internal_test,,120.0,Stable,0,New
CPD-0830,train,2,17.24,Unstable,1,Old
CPD-0831,internal_test,,31.74,Stable,0,Old
CPD-0832,train,0,120.0,Stable,0,New
CPD-0833,train,1,114.13,Stable,0,Old
CPD-0834,train,2,120.0,Stable,0,New
CPD-0835,external_test,,2.96,Unstable,1,Old
CPD-0836,train,0,102.68,Stable,0,Old
CPD-0837,internal_test,,25.6,Unstable,1,Old
CPD-0838,train,0,17.24,Unstable,1,Old
CPD-0839,train,1,120.0,Stable,0,New
CPD-0840,external_test,,94.97613856,Stable,0,New
CPD-0841,train,1,98.81,Stable,0,Old
CPD-0842,internal_test,,4.1,Unstable,1,Old
CPD-0843,external_test,,120.0,Stable,0,New
CPD-0844,internal_test,,31.95,Stable,0,Old
CPD-0845,internal_test,,120.0,Stable,0,New
CPD-0846,internal_test,,120.0,Stable,0,New
CPD-0847,train,4,113.0657075,Stable,0,New
CPD-0848,internal_test,,120.0,Stable,0,New
CPD-0849,train,4,120.0,Stable,0,New
CPD-0850,train,3,120.0,Stable,0,Old
CPD-0851,train,4,120.0,Stable,0,Old
CPD-0852,internal_test,,120.0,Stable,0,New
CPD-0853,external_test,,4.910424685,Unstable,1,New
CPD-0854,external_test,,120.0,Stable,0,New
CPD-0855,train,4,75.19773868,Stable,0,New
CPD-0856,train,3,120.0,Stable,0,New
CPD-0857,internal_test,,120.0,Stable,0,New
CPD-0858,train,4,50.82,Stable,0,New
CPD-0859,external_test,,63.73,Stable,0,Old
CPD-0860,train,2,120.0,Stable,0,Old
CPD-0861,train,0,109.1,Stable,0,Old
CPD-0862,train,3,48.98,Stable,0,New
CPD-0863,internal_test,,45.91,Stable,0,Old
CPD-0864,internal_test,,103.85,Stable,0,New
CPD-0865,train,2,120.0,Stable,0,Old
CPD-0866,internal_test,,120.0,Stable,0,Old
CPD-0867,train,3,120.0,Stable,0,Old
CPD-0868,train,3,120.0,Stable,0,New
CPD-0869,internal_test,,111.34,Stable,0,New
CPD-0870,train,2,88.48,Stable,0,New
CPD-0871,train,0,26.04,Unstable,1,New
CPD-0872,internal_test,,67.69,Stable,0,Old
CPD-0873,internal_test,,120.0,Stable,0,Old
CPD-0874,train,4,120.0,Stable,0,New
CPD-0875,train,4,120.0,Stable,0,New
CPD-0876,train,0,120.0,Stable,0,Old
CPD-0877,train,3,97.78,Stable,0,Old
CPD-0878,train,2,4.22,Unstable,1,Old
CPD-0879,internal_test,,120.0,Stable,0,New
CPD-0880,train,4,120.0,Stable,0,Old
CPD-0881,train,0,112.34,Stable,0,New
CPD-0882,train,0,22.58,Unstable,1,Old
CPD-0884,train,3,108.78,Stable,0,Old
CPD-0885,train,0,120.0,Stable,0,New
CPD-0886,train,0,110.7,Stable,0,Old
CPD-0887,internal_test,,120.0,Stable,0,Old
CPD-0888,train,1,120.0,Stable,0,New
CPD-0889,train,2,120.0,Stable,0,Old
CPD-0890,train,3,37.46,Stable,0,Old
CPD-0891,external_test,,26.91,Unstable,1,Old
CPD-0892,train,2,120.0,Stable,0,New
CPD-0893,train,0,120.0,Stable,0,New
CPD-0894,train,1,120.0,Stable,0,Old
CPD-0895,external_test,,120.0,Stable,0,New
CPD-0896,train,4,99.49358489,Stable,0,New
CPD-0897,train,2,1.18,Unstable,1,New
CPD-0898,external_test,,120.0,Stable,0,New
CPD-0899,train,1,120.0,Stable,0,New
CPD-0900,train,2,116.46,Stable,0,Old
CPD-0901,train,1,120.0,Stable,0,Old
CPD-0902,train,4,95.31,Stable,0,Old
CPD-0903,train,2,31.32,Stable,0,Old
CPD-0904,train,0,76.61,Stable,0,New
CPD-0905,train,1,120.0,Stable,0,New
CPD-0906,train,0,91.48,Stable,0,Old
CPD-0907,train,0,73.01826303,Stable,0,New
CPD-0908,train,3,120.0,Stable,0,New
CPD-0909,train,2,83.35,Stable,0,New
CPD-0910,train,4,120.0,Stable,0,New
CPD-0911,internal_test,,118.85,Stable,0,Old
CPD-0912,train,1,77.22928992,Stable,0,New
CPD-0913,train,2,44.27,Stable,0,Old
CPD-0914,train,1,120.0,Stable,0,Old
CPD-0915,internal_test,,85.9,Stable,0,Old
CPD-0916,train,0,120.0,Stable,0,Old
CPD-0918,internal_test,,101.97,Stable,0,New
CPD-0919,train,4,51.3,Stable,0,Old
CPD-0920,train,4,120.0,Stable,0,New
CPD-0921,train,4,120.0,Stable,0,New
CPD-0922,internal_test,,1.55,Unstable,1,Old
CPD-0923,train,1,12.58,Unstable,1,Old
CPD-0924,train,2,36.27,Stable,0,New
CPD-0925,train,0,59.72,Stable,0,Old
CPD-0926,train,1,1.18,Unstable,1,Old
CPD-0927,train,1,120.0,Stable,0,New
CPD-0928,train,0,120.0,Stable,0,New
CPD-0929,train,0,120.0,Stable,0,Old
CPD-0930,train,1,22.02,Unstable,1,Old
CPD-0931,train,1,70.62,Stable,0,Old
CPD-0932,internal_test,,80.43,Stable,0,Old
CPD-0933,train,2,120.0,Stable,0,New
CPD-0934,train,2,120.0,Stable,0,New
CPD-0935,train,1,58.0,Stable,0,Old
CPD-0936,train,1,112.41,Stable,0,Old
CPD-0937,train,2,120.0,Stable,0,New
CPD-0938,train,1,120.0,Stable,0,New
CPD-0939,train,2,113.64,Stable,0,New
CPD-0940,train,3,120.0,Stable,0,New
CPD-0941,train,4,84.51,Stable,0,New
CPD-0942,train,4,120.0,Stable,0,New
CPD-0943,train,3,6.5,Unstable,1,New
CPD-0944,train,0,30.24,Stable,0,Old
CPD-0945,train,0,94.84,Stable,0,New
CPD-0946,internal_test,,120.0,Stable,0,New
CPD-0947,train,1,120.0,Stable,0,New
CPD-0948,train,3,17.61,Unstable,1,Old
CPD-0949,train,1,106.58,Stable,0,New
CPD-0950,train,2,93.36,Stable,0,Old
CPD-0951,train,2,120.0,Stable,0,Old
CPD-0952,train,3,26.5,Unstable,1,New
CPD-0953,internal_test,,120.0,Stable,0,New
CPD-0954,train,4,107.17,Stable,0,Old
CPD-0955,train,1,6.78,Unstable,1,New
CPD-0956,train,1,11.96,Unstable,1,Old
CPD-0957,train,4,120.0,Stable,0,New
CPD-0958,internal_test,,29.48,Unstable,1,Old
CPD-0959,train,4,69.89,Stable,0,New
CPD-0960,train,4,120.0,Stable,0,New
CPD-0961,train,3,120.0,Stable,0,Old
CPD-0962,train,0,120.0,Stable,0,New
CPD-0963,train,4,120.0,Stable,0,New
CPD-0964,train,3,88.66,Stable,0,New
CPD-0965,external_test,,120.0,Stable,0,New
CPD-0966,train,2,120.0,Stable,0,New
CPD-0967,internal_test,,29.55,Unstable,1,New
CPD-0968,train,1,19.15,Unstable,1,New
CPD-0969,train,2,120.0,Stable,0,New
CPD-0970,train,0,41.67,Stable,0,Old
CPD-0971,train,2,120.0,Stable,0,New
CPD-0972,train,2,61.96,Stable,0,Old
CPD-0973,train,1,120.0,Stable,0,New
CPD-0974,train,2,120.0,Stable,0,Old
CPD-0975,internal_test,,120.0,Stable,0,New
CPD-0976,train,3,96.17,Stable,0,Old
CPD-0977,train,0,120.0,Stable,0,New
CPD-0978,train,3,33.27,Stable,0,New
CPD-0979,train,4,120.0,Stable,0,Old
CPD-0980,internal_test,,120.0,Stable,0,New
CPD-0981,train,4,30.69,Stable,0,Old
CPD-0982,train,0,120.0,Stable,0,Old
CPD-0983,train,2,55.65,Stable,0,Old
CPD-0984,train,0,120.0,Stable,0,New
CPD-0985,train,4,3.46,Unstable,1,Old
CPD-0986,train,2,2.53,Unstable,1,Old
CPD-0987,train,2,120.0,Stable,0,New
CPD-0988,train,2,120.0,Stable,0,New
CPD-0989,train,0,120.0,Stable,0,New
CPD-0990,external_test,,40.86,Stable,0,New
CPD-0992,train,0,120.0,Stable,0,New
CPD-0993,train,1,2.6,Unstable,1,Old
CPD-0994,train,3,120.0,Stable,0,New
CPD-0995,train,3,120.0,Stable,0,New
CPD-0996,train,3,12.09,Unstable,1,Old
CPD-0997,train,4,120.0,Stable,0,Old
CPD-0998,external_test,,25.11,Unstable,1,New
CPD-0999,train,0,12.1,Unstable,1,Old
CPD-1000,external_test,,21.92,Unstable,1,Old
CPD-1001,train,4,120.0,Stable,0,New
CPD-1002,train,3,120.0,Stable,0,New
CPD-1003,train,4,120.0,Stable,0,New
CPD-1004,train,2,79.33,Stable,0,Old
CPD-1005,train,0,79.42,Stable,0,New
CPD-1006,train,1,40.03,Stable,0,Old
CPD-1007,external_test,,120.0,Stable,0,New
CPD-1008,train,2,120.0,Stable,0,Old
CPD-1009,train,0,70.04,Stable,0,New
CPD-1010,internal_test,,120.0,Stable,0,Old
CPD-1011,train,3,22.54,Unstable,1,Old
CPD-1012,train,0,120.0,Stable,0,Old
CPD-1013,train,3,120.0,Stable,0,New
CPD-1014,train,2,108.73,Stable,0,Old
CPD-1015,train,3,120.0,Stable,0,New
CPD-1016,train,3,120.0,Stable,0,New
CPD-1017,train,0,120.0,Stable,0,New
CPD-1018,train,3,34.88,Stable,0,Old
CPD-1019,train,3,120.0,Stable,0,New
CPD-1020,train,1,102.61,Stable,0,New
CPD-1021,train,2,120.0,Stable,0,New
CPD-1022,train,0,120.0,Stable,0,New
CPD-1023,train,0,78.22,Stable,0,Old
CPD-1024,train,0,97.44,Stable,0,Old
CPD-1025,train,3,120.0,Stable,0,New
CPD-1026,external_test,,27.22,Unstable,1,Old
CPD-1027,train,0,93.56,Stable,0,Old
CPD-1028,train,3,13.63,Unstable,1,Old
CPD-1029,internal_test,,102.44,Stable,0,New
CPD-1030,train,2,6.48,Unstable,1,Old
CPD-1031,train,0,120.0,Stable,0,New
CPD-1032,internal_test,,1.41,Unstable,1,Old
CPD-1033,train,3,120.0,Stable,0,New
CPD-1035,train,2,120.0,Stable,0,New
CPD-1036,internal_test,,120.0,Stable,0,Old
CPD-1037,train,3,81.94,Stable,0,Old
CPD-1038,train,2,3.22,Unstable,1,Old
CPD-1039,train,3,116.75,Stable,0,Old
CPD-1040,train,0,120.0,Stable,0,Old
CPD-1041,train,0,120.0,Stable,0,New
CPD-1042,train,0,120.0,Stable,0,New
CPD-1043,train,2,120.0,Stable,0,New
CPD-1044,train,0,120.0,Stable,0,Old
CPD-1045,train,3,120.0,Stable,0,Old
CPD-1046,internal_test,,5.41,Unstable,1,Old
CPD-1047,train,4,86.77,Stable,0,Old
CPD-1048,train,1,120.0,Stable,0,Old
CPD-1049,external_test,,120.0,Stable,0,New
CPD-1050,train,2,120.0,Stable,0,New
CPD-1051,train,1,48.13,Stable,0,Old
CPD-1052,train,3,120.0,Stable,0,New
CPD-1053,train,1,85.82,Stable,0,New
CPD-1054,external_test,,120.0,Stable,0,Old
CPD-1055,internal_test,,109.42,Stable,0,Old
CPD-1056,train,1,42.72,Stable,0,Old
CPD-1057,train,4,25.73,Unstable,1,New
CPD-1058,train,1,70.15,Stable,0,New
CPD-1059,train,4,120.0,Stable,0,New
CPD-1060,train,3,2.801492434,Unstable,1,New
CPD-1061,train,2,17.26,Unstable,1,New
CPD-1062,train,0,120.0,Stable,0,New
CPD-1063,train,4,57.31,Stable,0,Old
CPD-1064,train,0,96.44,Stable,0,New
CPD-1065,train,2,120.0,Stable,0,New
CPD-1066,train,1,120.0,Stable,0,New
CPD-1067,train,1,58.93,Stable,0,New
CPD-1068,train,0,120.0,Stable,0,New
CPD-1069,train,2,40.72,Stable,0,Old
CPD-1070,train,4,120.0,Stable,0,New
CPD-1071,train,1,104.84,Stable,0,New
CPD-1072,internal_test,,120.0,Stable,0,Old
CPD-1073,train,0,83.67,Stable,0,Old
CPD-1074,train,4,120.0,Stable,0,New
CPD-1075,external_test,,120.0,Stable,0,Old
CPD-1076,train,0,120.0,Stable,0,New
CPD-1078,train,4,65.35,Stable,0,Old
CPD-1079,train,4,120.0,Stable,0,New
CPD-1080,train,3,81.44,Stable,0,Old
CPD-1081,train,4,120.0,Stable,0,New
CPD-1082,train,2,120.0,Stable,0,New
CPD-1083,train,4,120.0,Stable,0,New
CPD-1084,train,4,120.0,Stable,0,Old
CPD-1085,train,0,120.0,Stable,0,New
CPD-1086,train,3,5.676824256,Unstable,1,New
CPD-1087,train,0,120.0,Stable,0,New
CPD-1088,internal_test,,16.68,Unstable,1,Old
CPD-1089,train,0,120.0,Stable,0,New
CPD-1090,train,3,120.0,Stable,0,New
CPD-1091,train,3,120.0,Stable,0,New
CPD-1092,internal_test,,12.88,Unstable,1,Old
CPD-1093,train,0,120.0,Stable,0,New
CPD-1094,train,0,41.98,Stable,0,Old
CPD-1095,train,3,32.24,Stable,0,Old
CPD-1096,train,3,120.0,Stable,0,Old
CPD-1097,train,3,120.0,Stable,0,New
CPD-1098,train,3,120.0,Stable,0,Old
CPD-1099,train,1,99.06,Stable,0,Old
CPD-1100,train,0,120.0,Stable,0,New
CPD-1101,train,1,107.27,Stable,0,New
CPD-1102,external_test,,120.0,Stable,0,New
CPD-1103,train,4,93.88,Stable,0,New
CPD-1104,external_test,,111.4,Stable,0,New
CPD-1105,train,0,120.0,Stable,0,New
CPD-1106,train,2,3.91,Unstable,1,Old
CPD-1107,train,0,120.0,Stable,0,New
CPD-1108,train,2,86.03,Stable,0,New
CPD-1109,train,0,99.43977841,Stable,0,New
CPD-1110,train,3,120.0,Stable,0,Old
CPD-1111,train,2,120.0,Stable,0,Old
CPD-1112,external_test,,120.0,Stable,0,New
CPD-1113,train,3,3.71,Unstable,1,Old
CPD-1114,external_test,,14.53,Unstable,1,Old
CPD-1115,train,2,120.0,Stable,0,New
CPD-1116,train,0,120.0,Stable,0,Old
CPD-1117,train,4,26.56,Unstable,1,Old
CPD-1118,train,2,120.0,Stable,0,New
CPD-1119,internal_test,,120.0,Stable,0,Old
CPD-1120,train,4,107.11,Stable,0,New
CPD-1121,train,1,30.89,Stable,0,Old
CPD-1122,internal_test,,120.0,Stable,0,New
CPD-1123,train,0,120.0,Stable,0,Old
CPD-1124,train,0,48.86,Stable,0,Old
CPD-1125,train,3,120.0,Stable,0,New
CPD-1126,train,1,105.7290181,Stable,0,New
CPD-1127,train,0,120.0,Stable,0,Old
CPD-1128,train,2,120.0,Stable,0,New
CPD-1129,train,0,120.0,Stable,0,Old
CPD-1130,train,1,80.1,Stable,0,Old
CPD-1131,train,1,120.0,Stable,0,New
CPD-1132,train,0,1.43,Unstable,1,Old
CPD-1133,external_test,,120.0,Stable,0,New
CPD-1134,train,4,120.0,Stable,0,New
CPD-1135,train,1,120.0,Stable,0,New
CPD-1136,train,3,120.0,Stable,0,Old
CPD-1137,train,4,120.0,Stable,0,New
CPD-1138,train,3,106.1,Stable,0,Old
CPD-1139,train,0,110.16,Stable,0,New
CPD-1140,train,0,120.0,Stable,0,New
CPD-1141,train,2,120.0,Stable,0,New
CPD-1142,train,1,96.79,Stable,0,New
CPD-1143,train,1,57.78,Stable,0,Old
CPD-1144,train,0,59.6,Stable,0,New
CPD-1145,train,1,27.3,Unstable,1,Old
CPD-1146,train,4,120.0,Stable,0,New
CPD-1147,train,2,5.28,Unstable,1,Old
CPD-1148,train,3,74.34,Stable,0,New
CPD-1149,train,1,120.0,Stable,0,New
CPD-1150,train,4,98.45011001,Stable,0,New
CPD-1151,external_test,,103.78,Stable,0,New
CPD-1152,train,1,80.34,Stable,0,Old
CPD-1153,train,0,120.0,Stable,0,Old
CPD-1154,train,2,120.0,Stable,0,Old
CPD-1155,train,2,120.0,Stable,0,Old
CPD-1156,external_test,,120.0,Stable,0,New
CPD-1157,external_test,,11.9,Unstable,1,New
CPD-1158,train,1,21.82,Unstable,1,Old
CPD-1159,external_test,,21.58,Unstable,1,Old
CPD-1160,internal_test,,120.0,Stable,0,New
CPD-1162,train,0,28.25,Unstable,1,Old
CPD-1163,train,4,120.0,Stable,0,New
CPD-1164,external_test,,85.47,Stable,0,New
CPD-1165,train,3,6.54,Unstable,1,Old
CPD-1166,internal_test,,13.13,Unstable,1,New
CPD-1167,train,3,120.0,Stable,0,Old
CPD-1168,train,2,120.0,Stable,0,New
CPD-1169,train,3,120.0,Stable,0,Old
CPD-1170,internal_test,,79.02,Stable,0,New
CPD-1171,internal_test,,94.17,Stable,0,New
CPD-1173,train,4,120.0,Stable,0,Old
CPD-1174,train,1,102.95,Stable,0,Old
CPD-1175,train,3,120.0,Stable,0,New
CPD-1176,train,1,120.0,Stable,0,Old
CPD-1177,internal_test,,60.32,Stable,0,New
CPD-1178,train,1,120.0,Stable,0,Old
CPD-1179,train,3,6.99070303,Unstable,1,New
CPD-1180,train,0,120.0,Stable,0,New
CPD-1181,train,4,13.99,Unstable,1,Old
CPD-1182,train,1,120.0,Stable,0,New
CPD-1183,train,3,20.09,Unstable,1,Old
CPD-1184,train,3,64.95,Stable,0,Old
CPD-1185,external_test,,109.57,Stable,0,New
CPD-1186,train,4,120.0,Stable,0,New
CPD-1187,train,0,87.99,Stable,0,New
CPD-1188,external_test,,120.0,Stable,0,New
CPD-1189,train,1,10.34,Unstable,1,Old
CPD-1190,train,2,1.75,Unstable,1,Old
CPD-1191,internal_test,,108.1,Stable,0,New
CPD-1192,external_test,,120.0,Stable,0,Old
CPD-1193,train,3,29.38,Unstable,1,Old
CPD-1194,internal_test,,18.66,Unstable,1,New
CPD-1195,train,2,10.01,Unstable,1,Old
CPD-1196,internal_test,,48.22,Stable,0,New
CPD-1197,external_test,,120.0,Stable,0,New
CPD-1198,train,3,1.16,Unstable,1,Old
CPD-1199,train,3,5.27,Unstable,1,Old
CPD-1200,train,3,26.5,Unstable,1,Old
CPD-1201,train,1,120.0,Stable,0,New
CPD-1202,train,3,120.0,Stable,0,New
CPD-1203,train,2,120.0,Stable,0,New
CPD-1204,train,2,108.06,Stable,0,Old
CPD-1205,train,4,120.0,Stable,0,New
CPD-1206,train,0,112.4,Stable,0,New
CPD-1207,internal_test,,120.0,Stable,0,New
CPD-1208,external_test,,116.12,Stable,0,Old
CPD-1209,train,0,28.88,Unstable,1,Old
CPD-1210,train,0,108.58,Stable,0,Old
CPD-1211,external_test,,120.0,Stable,0,New
CPD-1212,internal_test,,120.0,Stable,0,New
CPD-1213,train,0,39.44,Stable,0,New
CPD-1214,internal_test,,1.02,Unstable,1,Old
CPD-1215,train,2,4.58,Unstable,1,Old
CPD-1216,train,0,120.0,Stable,0,New
CPD-1217,train,0,120.0,Stable,0,Old
CPD-1218,train,1,120.0,Stable,0,New
CPD-1219,train,1,8.46,Unstable,1,Old
CPD-1220,train,0,97.74,Stable,0,Old
CPD-1221,train,2,120.0,Stable,0,New
CPD-1222,train,1,24.71,Unstable,1,Old
CPD-1223,train,4,42.13,Stable,0,New
CPD-1224,train,2,20.15,Unstable,1,Old
CPD-1225,external_test,,120.0,Stable,0,New
CPD-1227,internal_test,,104.38,Stable,0,Old
CPD-1228,train,3,120.0,Stable,0,New
CPD-1229,train,0,82.85,Stable,0,Old
CPD-1230,train,0,120.0,Stable,0,New
CPD-1231,train,2,102.0701053,Stable,0,New
CPD-1232,train,1,87.86,Stable,0,New
CPD-1233,train,4,118.51,Stable,0,New
CPD-1234,train,1,49.58,Stable,0,New
CPD-1235,train,1,120.0,Stable,0,New
CPD-1236,train,3,120.0,Stable,0,New
CPD-1237,train,1,120.0,Stable,0,New
CPD-1238,train,2,0.96,Unstable,1,Old
CPD-1239,train,1,120.0,Stable,0,Old
CPD-1240,external_test,,24.0800072,Unstable,1,New
CPD-1241,train,1,120.0,Stable,0,New
CPD-1243,train,0,101.07,Stable,0,New
CPD-1244,train,1,120.0,Stable,0,New
CPD-1245,train,3,42.44,Stable,0,Old
CPD-1246,internal_test,,107.31,Stable,0,New
CPD-1247,train,0,120.0,Stable,0,New
CPD-1248,internal_test,,120.0,Stable,0,New
CPD-1249,train,2,120.0,Stable,0,New
CPD-1251,train,4,115.9221495,Stable,0,New
CPD-1252,train,3,120.0,Stable,0,New
CPD-1253,external_test,,120.0,Stable,0,Old
CPD-1254,train,0,120.0,Stable,0,Old
CPD-1255,external_test,,57.54,Stable,0,Old
CPD-1256,train,0,1.71,Unstable,1,Old
CPD-1257,train,2,0.94,Unstable,1,Old
CPD-1258,internal_test,,107.57,Stable,0,New
CPD-1259,internal_test,,115.2026805,Stable,0,New
CPD-1260,train,3,20.49,Unstable,1,Old
CPD-1261,train,3,35.24,Stable,0,New
CPD-1262,train,2,120.0,Stable,0,New
CPD-1263,train,1,120.0,Stable,0,Old
CPD-1264,train,0,120.0,Stable,0,New
CPD-1265,train,0,99.78,Stable,0,New
CPD-1267,train,0,70.75,Stable,0,New
CPD-1268,train,1,41.29,Stable,0,Old
CPD-1269,train,2,120.0,Stable,0,New
CPD-1270,train,4,97.0592974,Stable,0,New
CPD-1271,train,2,9.25,Unstable,1,New
CPD-1272,train,4,59.34,Stable,0,Old
CPD-1273,train,4,120.0,Stable,0,New
CPD-1274,train,4,38.35,Stable,0,New
CPD-1275,train,0,120.0,Stable,0,Old
CPD-1276,train,1,70.72,Stable,0,Old
CPD-1277,train,2,57.16,Stable,0,Old
CPD-1278,internal_test,,2.13,Unstable,1,Old
CPD-1279,train,3,46.69,Stable,0,Old
CPD-1280,external_test,,120.0,Stable,0,New
CPD-1281,train,3,120.0,Stable,0,Old
CPD-1283,train,4,120.0,Stable,0,Old
CPD-1284,train,2,14.11,Unstable,1,Old
CPD-1285,external_test,,120.0,Stable,0,New
CPD-1286,train,3,97.59,Stable,0,New
CPD-1287,train,4,105.15,Stable,0,Old
CPD-1288,train,3,120.0,Stable,0,New
CPD-1289,train,4,92.48725916,Stable,0,New
CPD-1290,train,0,85.58,Stable,0,Old
CPD-1291,train,1,77.05,Stable,0,Old
CPD-1292,train,3,52.57,Stable,0,Old
CPD-1293,train,3,101.5,Stable,0,Old
CPD-1294,train,1,105.71,Stable,0,New
CPD-1295,train,2,96.96,Stable,0,New
CPD-1296,train,4,2.28,Unstable,1,New
CPD-1297,external_test,,120.0,Stable,0,Old
CPD-1298,train,4,120.0,Stable,0,New
CPD-1299,train,0,19.67,Unstable,1,Old
CPD-1300,train,3,120.0,Stable,0,New
CPD-1301,train,1,120.0,Stable,0,New
CPD-1302,train,1,41.49,Stable,0,Old
CPD-1303,train,3,120.0,Stable,0,Old
CPD-1304,external_test,,120.0,Stable,0,New
CPD-1305,train,1,120.0,Stable,0,Old
CPD-1306,train,0,120.0,Stable,0,New
CPD-1307,train,3,120.0,Stable,0,New
CPD-1308,train,0,85.82,Stable,0,Old
CPD-1309,train,4,59.17,Stable,0,Old
CPD-1310,train,1,115.7,Stable,0,New
CPD-1311,train,2,120.0,Stable,0,New
CPD-1312,train,4,2.32,Unstable,1,Old
CPD-1313,train,3,4.61,Unstable,1,Old
CPD-1314,train,3,120.0,Stable,0,New
CPD-1315,train,3,120.0,Stable,0,New
CPD-1316,train,1,81.62,Stable,0,Old
CPD-1317,train,1,22.14,Unstable,1,Old
CPD-1318,train,4,120.0,Stable,0,New
CPD-1319,train,4,120.0,Stable,0,Old
CPD-1320,train,1,120.0,Stable,0,New
CPD-1321,train,2,120.0,Stable,0,New
CPD-1322,external_test,,120.0,Stable,0,Old
CPD-1323,internal_test,,120.0,Stable,0,Old
CPD-1324,train,1,120.0,Stable,0,New
CPD-1325,train,4,120.0,Stable,0,New
CPD-1326,train,3,25.7,Unstable,1,Old
CPD-1327,train,0,99.31,Stable,0,New
CPD-1328,train,2,120.0,Stable,0,New
CPD-1329,train,3,50.21,Stable,0,New
CPD-1330,train,3,18.79,Unstable,1,New
CPD-1331,train,4,120.0,Stable,0,New
CPD-1332,train,3,43.33,Stable,0,Old
CPD-1333,train,2,80.29,Stable,0,New
CPD-1334,train,1,120.0,Stable,0,New
CPD-1335,train,3,120.0,Stable,0,Old
CPD-1336,train,1,120.0,Stable,0,Old
CPD-1337,train,0,120.0,Stable,0,Old
CPD-1338,train,3,105.63,Stable,0,New
CPD-1339,train,1,120.0,Stable,0,New
CPD-1340,train,1,71.23,Stable,0,New
CPD-1341,train,4,120.0,Stable,0,New
CPD-1342,train,0,120.0,Stable,0,New
CPD-1343,train,2,120.0,Stable,0,Old
CPD-1344,train,0,100.41,Stable,0,Old
CPD-1345,train,0,86.58,Stable,0,Old
CPD-1346,train,0,120.0,Stable,0,New
CPD-1347,external_test,,120.0,Stable,0,Old
CPD-1348,train,3,8.75,Unstable,1,Old
CPD-1349,train,4,117.0,Stable,0,New
CPD-1350,external_test,,6.35,Unstable,1,Old
CPD-1351,train,3,120.0,Stable,0,New
CPD-1352,train,1,98.0,Stable,0,New
CPD-1353,internal_test,,120.0,Stable,0,Old
CPD-1355,train,4,120.0,Stable,0,Old
CPD-1356,train,0,10.65,Unstable,1,Old
CPD-1357,train,2,120.0,Stable,0,New
CPD-1358,train,2,120.0,Stable,0,New
CPD-1359,external_test,,120.0,Stable,0,New
CPD-1360,internal_test,,120.0,Stable,0,New
CPD-1361,external_test,,120.0,Stable,0,New
CPD-1362,external_test,,120.0,Stable,0,New
CPD-1363,external_test,,41.59,Stable,0,Old
CPD-1364,train,0,23.34,Unstable,1,Old
CPD-1365,train,1,76.9,Stable,0,New
CPD-1366,external_test,,120.0,Stable,0,New
CPD-1367,train,3,120.0,Stable,0,New
CPD-1368,train,3,120.0,Stable,0,Old
CPD-1369,external_test,,120.0,Stable,0,New
CPD-1370,train,2,120.0,Stable,0,New
CPD-1371,train,0,120.0,Stable,0,Old
CPD-1372,train,4,120.0,Stable,0,Old
CPD-1373,train,1,120.0,Stable,0,New
CPD-1374,train,0,120.0,Stable,0,New
CPD-1375,train,3,120.0,Stable,0,New
CPD-1376,internal_test,,20.1,Unstable,1,Old
CPD-1377,train,0,120.0,Stable,0,New
CPD-1378,external_test,,14.78,Unstable,1,New
CPD-1379,train,0,87.47,Stable,0,Old
CPD-1380,train,4,120.0,Stable,0,New
CPD-1381,train,2,120.0,Stable,0,New
CPD-1382,train,3,37.79,Stable,0,Old
CPD-1383,train,0,72.71,Stable,0,Old
CPD-1384,train,4,103.0,Stable,0,New
CPD-1385,train,1,98.29,Stable,0,New
CPD-1386,train,1,17.99,Unstable,1,Old
CPD-1387,train,1,95.74206698,Stable,0,New
CPD-1388,train,1,120.0,Stable,0,Old
CPD-1389,train,0,1.17,Unstable,1,New
CPD-1390,train,1,120.0,Stable,0,Old
CPD-1391,train,3,120.0,Stable,0,New
CPD-1392,external_test,,1.2,Unstable,1,Old
CPD-1393,train,2,120.0,Stable,0,New
CPD-1395,train,4,120.0,Stable,0,New
CPD-1396,train,1,120.0,Stable,0,New
CPD-1397,internal_test,,98.53,Stable,0,New
CPD-1398,external_test,,1.19,Unstable,1,Old
CPD-1399,train,3,120.0,Stable,0,New
CPD-1400,train,0,120.0,Stable,0,New
CPD-1401,train,3,59.13,Stable,0,Old
CPD-1402,train,1,120.0,Stable,0,New
CPD-1403,train,4,120.0,Stable,0,New
CPD-1404,train,1,120.0,Stable,0,Old
CPD-1405,train,1,120.0,Stable,0,New
CPD-1406,train,4,120.0,Stable,0,Old
CPD-1407,train,3,120.0,Stable,0,Old
CPD-1408,train,2,120.0,Stable,0,Old
CPD-1409,train,1,120.0,Stable,0,New
CPD-1410,internal_test,,70.02,Stable,0,Old
CPD-1411,external_test,,112.05,Stable,0,Old
CPD-1412,train,4,5.8,Unstable,1,New
CPD-1413,external_test,,120.0,Stable,0,Old
CPD-1414,internal_test,,120.0,Stable,0,New
CPD-1415,train,1,120.0,Stable,0,Old
CPD-1416,train,0,120.0,Stable,0,New
CPD-1417,train,2,120.0,Stable,0,New
CPD-1418,internal_test,,120.0,Stable,0,New
CPD-1419,train,0,120.0,Stable,0,New
CPD-1420,train,0,97.96,Stable,0,Old
CPD-1421,train,0,1.97,Unstable,1,Old
CPD-1422,train,2,120.0,Stable,0,New
CPD-1423,train,3,120.0,Stable,0,New
CPD-1424,train,4,120.0,Stable,0,New
CPD-1425,external_test,,96.21,Stable,0,New
CPD-1426,train,0,3.15,Unstable,1,Old
CPD-1427,train,1,10.33,Unstable,1,Old
CPD-1428,train,1,108.0,Stable,0,New
CPD-1429,train,1,120.0,Stable,0,New
CPD-1430,train,4,101.43,Stable,0,Old
CPD-1431,train,0,76.46,Stable,0,Old
CPD-1432,train,0,99.61,Stable,0,Old
CPD-1433,train,0,120.0,Stable,0,New
CPD-1434,train,0,110.97,Stable,0,Old
CPD-1435,external_test,,57.91,Stable,0,New
CPD-1437,train,0,120.0,Stable,0,Old
CPD-1438,train,1,13.83,Unstable,1,Old
CPD-1439,external_test,,57.75,Stable,0,Old
CPD-1440,external_test,,3.9,Unstable,1,Old
CPD-1441,train,0,120.0,Stable,0,Old
CPD-1442,train,4,120.0,Stable,0,Old
CPD-1443,train,3,40.14,Stable,0,Old
CPD-1444,train,1,120.0,Stable,0,New
CPD-1445,train,1,48.17,Stable,0,Old
CPD-1446,train,4,120.0,Stable,0,Old
CPD-1447,internal_test,,120.0,Stable,0,New
CPD-1448,train,4,120.0,Stable,0,Old
CPD-1449,train,4,89.03,Stable,0,New
CPD-1450,train,3,7.11,Unstable,1,Old
CPD-1451,train,2,58.8,Stable,0,New
CPD-1452,train,1,120.0,Stable,0,Old
CPD-1453,train,0,120.0,Stable,0,New
CPD-1454,train,0,86.66450826,Stable,0,New
CPD-1455,train,3,63.02852657,Stable,0,New
CPD-1456,train,1,12.8,Unstable,1,Old
CPD-1458,external_test,,62.08,Stable,0,Old
CPD-1459,train,2,120.0,Stable,0,New
CPD-1460,train,3,120.0,Stable,0,New
CPD-1461,train,4,16.43,Unstable,1,Old
CPD-1462,train,1,120.0,Stable,0,Old
CPD-1463,train,0,79.72,Stable,0,Old
CPD-1464,train,4,120.0,Stable,0,New
CPD-1465,external_test,,120.0,Stable,0,Old
CPD-1466,train,2,110.97,Stable,0,New
CPD-1467,train,1,120.0,Stable,0,New
CPD-1468,train,3,38.39,Stable,0,Old
CPD-1469,external_test,,29.4,Unstable,1,Old
CPD-1470,train,2,84.54,Stable,0,Old
CPD-1471,train,3,120.0,Stable,0,Old
CPD-1472,train,4,102.3,Stable,0,Old
CPD-1474,train,2,120.0,Stable,0,Old
CPD-1475,train,0,112.19,Stable,0,New
CPD-1476,train,0,96.99,Stable,0,Old
CPD-1477,internal_test,,95.42,Stable,0,New
CPD-1478,train,3,12.92,Unstable,1,Old
CPD-1479,train,4,79.7,Stable,0,Old
CPD-1480,train,3,120.0,Stable,0,New
CPD-1481,train,4,120.0,Stable,0,New
CPD-1482,train,1,4.97,Unstable,1,Old
CPD-1483,train,2,82.91,Stable,0,Old
CPD-1484,train,3,120.0,Stable,0,New
CPD-1485,external_test,,120.0,Stable,0,New
CPD-1486,train,2,8.21,Unstable,1,New
CPD-1487,train,0,115.06,Stable,0,Old
CPD-1488,train,4,36.16,Stable,0,New
CPD-1489,train,1,70.11,Stable,0,Old
CPD-1490,train,4,120.0,Stable,0,New
CPD-1491,train,2,67.22,Stable,0,Old
CPD-1492,train,4,120.0,Stable,0,New
CPD-1493,internal_test,,120.0,Stable,0,New
CPD-1494,train,2,120.0,Stable,0,New
CPD-1495,train,3,63.42,Stable,0,New
CPD-1496,train,2,59.83,Stable,0,New
CPD-1497,train,2,120.0,Stable,0,New
CPD-1498,internal_test,,0.91,Unstable,1,Old
CPD-1499,external_test,,54.75,Stable,0,New
CPD-1500,train,4,72.07152962,Stable,0,New
CPD-1501,train,3,14.62,Unstable,1,Old
CPD-1502,train,1,120.0,Stable,0,Old
CPD-1503,external_test,,120.0,Stable,0,New
CPD-1504,train,4,120.0,Stable,0,New
CPD-1505,train,3,109.65,Stable,0,New
CPD-1506,external_test,,6.9,Unstable,1,Old
CPD-1507,train,3,120.0,Stable,0,New
CPD-1508,train,2,0.94,Unstable,1,Old
CPD-1509,train,1,8.15,Unstable,1,Old
CPD-1510,train,2,120.0,Stable,0,New
CPD-1511,train,2,120.0,Stable,0,New
CPD-1512,train,0,120.0,Stable,0,New
CPD-1513,train,2,120.0,Stable,0,Old
CPD-1514,train,1,29.0,Unstable,1,Old
CPD-1515,train,2,120.0,Stable,0,New
CPD-1516,train,0,45.73,Stable,0,Old
CPD-1517,internal_test,,120.0,Stable,0,New
CPD-1518,train,2,90.99612385,Stable,0,New
CPD-1519,train,4,120.0,Stable,0,New
CPD-1520,train,4,120.0,Stable,0,New
CPD-1521,train,3,71.44,Stable,0,Old
CPD-1522,external_test,,120.0,Stable,0,Old
CPD-1523,train,2,120.0,Stable,0,Old
CPD-1524,train,1,120.0,Stable,0,New
CPD-1525,train,1,5.86,Unstable,1,Old
CPD-1526,train,2,120.0,Stable,0,New
CPD-1527,internal_test,,120.0,Stable,0,New
CPD-1528,train,4,120.0,Stable,0,New
CPD-1529,train,0,12.19,Unstable,1,Old
CPD-1530,internal_test,,102.01,Stable,0,New
CPD-1531,train,3,17.23,Unstable,1,New
CPD-1532,train,4,120.0,Stable,0,New
CPD-1533,train,1,116.0,Stable,0,New
CPD-1534,train,0,96.64,Stable,0,New
CPD-1535,train,2,120.0,Stable,0,New
CPD-1536,internal_test,,120.0,Stable,0,New
CPD-1537,external_test,,5.62,Unstable,1,New
CPD-1538,train,4,120.0,Stable,0,New
CPD-1539,train,1,120.0,Stable,0,Old
CPD-1540,train,4,120.0,Stable,0,Old
CPD-1541,train,2,120.0,Stable,0,New
CPD-1542,train,1,120.0,Stable,0,New
CPD-1544,external_test,,120.0,Stable,0,Old
CPD-1545,train,3,120.0,Stable,0,New
CPD-1546,train,4,66.81,Stable,0,Old
CPD-1547,internal_test,,120.0,Stable,0,Old
CPD-1548,train,3,120.0,Stable,0,New
CPD-1549,train,2,120.0,Stable,0,New
CPD-1550,train,1,120.0,Stable,0,New
CPD-1551,train,0,120.0,Stable,0,New
CPD-1552,train,3,120.0,Stable,0,New
CPD-1553,train,4,104.65,Stable,0,Old
CPD-1554,train,2,35.43,Stable,0,New
CPD-1555,train,3,38.8,Stable,0,New
CPD-1556,train,1,120.0,Stable,0,New
CPD-1557,train,0,120.0,Stable,0,New
CPD-1558,external_test,,120.0,Stable,0,New
CPD-1559,train,4,36.6,Stable,0,Old
CPD-1560,train,4,120.0,Stable,0,New
CPD-1561,train,2,120.0,Stable,0,Old
CPD-1562,train,3,31.6,Stable,0,Old
CPD-1563,train,0,120.0,Stable,0,New
CPD-1564,external_test,,68.74516274,Stable,0,New
CPD-1565,train,0,91.52,Stable,0,New
CPD-1566,train,2,120.0,Stable,0,New
CPD-1567,train,3,120.0,Stable,0,New
CPD-1568,train,4,75.59,Stable,0,Old
CPD-1569,train,3,80.3,Stable,0,Old
CPD-1570,train,0,120.0,Stable,0,New
CPD-1571,train,4,100.57,Stable,0,New
CPD-1572,train,1,120.0,Stable,0,Old
CPD-1573,train,0,107.75,Stable,0,New
CPD-1574,internal_test,,120.0,Stable,0,New
CPD-1575,internal_test,,120.0,Stable,0,New
CPD-1576,train,4,50.0,Stable,0,New
CPD-1577,train,2,120.0,Stable,0,Old
CPD-1578,train,2,103.89,Stable,0,New
CPD-1579,train,3,120.0,Stable,0,New
CPD-1580,train,2,118.25,Stable,0,New
CPD-1582,train,0,120.0,Stable,0,Old
CPD-1583,internal_test,,120.0,Stable,0,Old
CPD-1584,external_test,,120.0,Stable,0,New
CPD-1585,external_test,,107.4,Stable,0,New
CPD-1586,train,0,93.64,Stable,0,New
CPD-1587,train,4,118.2636094,Stable,0,New
CPD-1588,train,2,120.0,Stable,0,New
CPD-1589,train,2,120.0,Stable,0,Old
CPD-1590,train,3,120.0,Stable,0,New
CPD-1591,internal_test,,14.24,Unstable,1,New
CPD-1592,external_test,,120.0,Stable,0,New
CPD-1593,train,1,94.7,Stable,0,Old
CPD-1594,train,0,105.02,Stable,0,Old
CPD-1595,train,2,93.88,Stable,0,New
CPD-1596,train,4,120.0,Stable,0,Old
CPD-1597,external_test,,120.0,Stable,0,New
CPD-1598,train,0,120.0,Stable,0,Old
CPD-1599,train,2,120.0,Stable,0,Old
CPD-1600,train,2,120.0,Stable,0,Old
CPD-1601,train,2,110.37,Stable,0,New
CPD-1602,train,4,120.0,Stable,0,New
CPD-1603,train,4,22.68,Unstable,1,New
CPD-1604,train,2,120.0,Stable,0,New
CPD-1605,train,0,21.81,Unstable,1,New
CPD-1606,train,0,120.0,Stable,0,New
CPD-1607,train,2,120.0,Stable,0,Old
CPD-1608,train,3,120.0,Stable,0,New
CPD-1609,train,1,32.59,Stable,0,Old
CPD-1610,train,3,120.0,Stable,0,Old
CPD-1612,external_test,,3.25,Unstable,1,Old
CPD-1613,train,1,14.33,Unstable,1,Old
CPD-1614,internal_test,,6.62,Unstable,1,New
CPD-1615,train,3,50.69,Stable,0,New
CPD-1616,train,1,120.0,Stable,0,New
CPD-1617,train,1,120.0,Stable,0,New
CPD-1618,train,4,101.45,Stable,0,New
CPD-1619,train,0,120.0,Stable,0,New
CPD-1620,train,3,74.0,Stable,0,Old
CPD-1621,train,2,120.0,Stable,0,New
CPD-1622,train,3,120.0,Stable,0,New
CPD-1623,train,1,120.0,Stable,0,New
CPD-1624,train,4,120.0,Stable,0,Old
CPD-1625,train,3,16.95,Unstable,1,Old
CPD-1626,train,0,107.83,Stable,0,Old
CPD-1627,train,4,120.0,Stable,0,New
CPD-1628,train,2,35.57,Stable,0,New
CPD-1629,train,0,114.93,Stable,0,New
CPD-1630,internal_test,,116.04,Stable,0,Old
CPD-1631,internal_test,,120.0,Stable,0,Old
CPD-1632,train,2,5.54,Unstable,1,Old
CPD-1633,train,1,107.91,Stable,0,Old
CPD-1635,train,4,2.97,Unstable,1,New
CPD-1636,train,1,98.62,Stable,0,Old
CPD-1637,train,4,17.71,Unstable,1,Old
CPD-1638,train,1,120.0,Stable,0,New
CPD-1639,train,4,80.41,Stable,0,New
CPD-1640,external_test,,5.27,Unstable,1,New
CPD-1641,train,0,120.0,Stable,0,New
CPD-1642,train,2,120.0,Stable,0,Old
CPD-1643,train,3,114.11,Stable,0,New
CPD-1644,train,4,14.59,Unstable,1,Old
CPD-1645,train,3,120.0,Stable,0,Old
CPD-1646,internal_test,,120.0,Stable,0,Old
CPD-1647,train,4,120.0,Stable,0,Old
CPD-1649,train,4,75.98,Stable,0,Old
CPD-1650,train,2,120.0,Stable,0,New
CPD-1651,internal_test,,120.0,Stable,0,New
CPD-1653,train,4,60.64698788,Stable,0,New
CPD-1654,train,1,62.15,Stable,0,Old
CPD-1655,train,4,120.0,Stable,0,New
CPD-1656,train,4,99.78,Stable,0,Old
CPD-1657,train,4,107.33,Stable,0,Old
CPD-1658,train,3,32.56,Stable,0,New
CPD-1659,train,2,57.5,Stable,0,New
CPD-1660,train,0,18.77,Unstable,1,Old
CPD-1661,train,4,86.44438851,Stable,0,New
CPD-1662,train,3,59.15,Stable,0,New
CPD-1663,train,1,101.24,Stable,0,Old
CPD-1664,train,1,40.47,Stable,0,Old
CPD-1665,train,4,120.0,Stable,0,New
CPD-1666,external_test,,120.0,Stable,0,New
CPD-1667,train,1,22.77,Unstable,1,New
CPD-1668,external_test,,120.0,Stable,0,New
CPD-1669,train,4,80.73049244,Stable,0,New
CPD-1670,internal_test,,120.0,Stable,0,New
CPD-1671,train,4,113.54,Stable,0,Old
CPD-1672,train,0,24.15,Unstable,1,Old
CPD-1673,train,0,120.0,Stable,0,New
CPD-1674,train,4,22.45,Unstable,1,Old
CPD-1675,train,4,120.0,Stable,0,Old
CPD-1676,train,2,120.0,Stable,0,Old
CPD-1677,train,2,10.73,Unstable,1,Old
CPD-1678,train,0,120.0,Stable,0,Old
CPD-1679,train,4,120.0,Stable,0,New
CPD-1680,train,3,59.35,Stable,0,New
CPD-1681,train,2,120.0,Stable,0,Old
CPD-1682,train,1,85.95,Stable,0,New
CPD-1684,train,2,120.0,Stable,0,New
CPD-1685,train,3,96.02,Stable,0,Old
CPD-1686,train,3,120.0,Stable,0,New
CPD-1687,train,4,1.8,Unstable,1,Old
CPD-1688,internal_test,,120.0,Stable,0,New
CPD-1689,train,3,120.0,Stable,0,New
CPD-1690,internal_test,,120.0,Stable,0,New
CPD-1691,train,1,120.0,Stable,0,New
CPD-1692,external_test,,32.79,Stable,0,Old
CPD-1693,train,0,24.73,Unstable,1,Old
CPD-1694,train,3,120.0,Stable,0,New
CPD-1695,train,1,120.0,Stable,0,Old
CPD-1696,train,0,64.63,Stable,0,Old
CPD-1698,train,2,120.0,Stable,0,Old
CPD-1699,internal_test,,120.0,Stable,0,New
CPD-1701,train,1,120.0,Stable,0,New
CPD-1702,train,4,120.0,Stable,0,New
CPD-1703,external_test,,120.0,Stable,0,New
CPD-1704,train,3,21.34,Unstable,1,Old
CPD-1705,train,3,120.0,Stable,0,New
CPD-1706,train,4,120.0,Stable,0,New
CPD-1707,train,3,120.0,Stable,0,New
CPD-1708,train,0,104.93,Stable,0,Old
CPD-1710,internal_test,,120.0,Stable,0,New
CPD-1711,train,2,120.0,Stable,0,New
CPD-1712,train,2,120.0,Stable,0,New
CPD-1713,internal_test,,33.5,Stable,0,Old
CPD-1714,train,2,90.17,Stable,0,New
CPD-1715,train,4,120.0,Stable,0,New
CPD-1716,train,0,120.0,Stable,0,New
CPD-1717,internal_test,,120.0,Stable,0,New
CPD-1718,train,2,82.01,Stable,0,Old
CPD-1719,external_test,,120.0,Stable,0,New
CPD-1720,train,0,120.0,Stable,0,Old
CPD-1722,train,0,97.37,Stable,0,Old
CPD-1723,internal_test,,120.0,Stable,0,New
CPD-1724,train,0,77.38,Stable,0,Old
CPD-1725,internal_test,,111.48,Stable,0,Old
CPD-1726,train,0,120.0,Stable,0,Old
CPD-1727,train,1,116.48,Stable,0,New
CPD-1728,train,4,120.0,Stable,0,New
CPD-1729,train,2,120.0,Stable,0,New
CPD-1730,train,0,120.0,Stable,0,New
CPD-1731,train,3,120.0,Stable,0,New
CPD-1732,train,3,46.2,Stable,0,Old
CPD-1733,external_test,,120.0,Stable,0,Old
CPD-1734,external_test,,120.0,Stable,0,New
CPD-1735,train,1,82.56,Stable,0,New
CPD-1736,train,4,95.24,Stable,0,Old
CPD-1737,train,2,24.13,Unstable,1,Old
CPD-1738,train,3,120.0,Stable,0,Old
CPD-1739,internal_test,,27.83,Unstable,1,Old
CPD-1740,train,2,120.0,Stable,0,New
CPD-1741,internal_test,,120.0,Stable,0,New
CPD-1742,train,4,79.68529798,Stable,0,New
CPD-1743,train,3,120.0,Stable,0,New
CPD-1744,train,4,120.0,Stable,0,New
CPD-1745,train,0,51.88,Stable,0,Old
CPD-1746,train,3,52.95,Stable,0,Old
CPD-1747,train,4,120.0,Stable,0,Old
CPD-1748,train,2,120.0,Stable,0,New
CPD-1749,train,4,120.0,Stable,0,New
CPD-1750,internal_test,,49.05,Stable,0,Old
CPD-1751,external_test,,98.2,Stable,0,New
CPD-1752,train,2,92.44,Stable,0,Old
CPD-1753,train,4,46.68,Stable,0,New
CPD-1754,train,2,110.81,Stable,0,New
CPD-1755,train,4,120.0,Stable,0,New
CPD-1756,train,1,83.31,Stable,0,Old
CPD-1757,train,2,118.02,Stable,0,Old
CPD-1758,train,0,32.62,Stable,0,New
CPD-1759,train,4,72.35,Stable,0,New
CPD-1760,train,1,81.27,Stable,0,Old
CPD-1761,train,4,120.0,Stable,0,New
CPD-1762,train,2,120.0,Stable,0,New
CPD-1763,train,3,13.18,Unstable,1,Old
CPD-1764,train,3,120.0,Stable,0,New
CPD-1765,train,3,120.0,Stable,0,Old
CPD-1766,train,2,97.43,Stable,0,Old
CPD-1767,train,4,120.0,Stable,0,New
CPD-1768,train,2,40.85,Stable,0,New
CPD-1769,train,2,120.0,Stable,0,New
CPD-1770,train,2,120.0,Stable,0,New
CPD-1771,train,0,120.0,Stable,0,New
CPD-1772,train,1,120.0,Stable,0,New
CPD-1773,internal_test,,120.0,Stable,0,New
CPD-1774,train,4,120.0,Stable,0,New
CPD-1775,train,3,21.72,Unstable,1,Old
CPD-1776,train,0,120.0,Stable,0,Old
CPD-1777,train,0,120.0,Stable,0,New
CPD-1778,train,3,43.89,Stable,0,Old
CPD-1779,train,1,4.33,Unstable,1,Old
CPD-1780,external_test,,70.03,Stable,0,New
CPD-1781,train,1,42.7,Stable,0,New
CPD-1782,train,2,120.0,Stable,0,New
CPD-1783,train,0,120.0,Stable,0,Old
CPD-1784,train,0,120.0,Stable,0,New
CPD-1785,train,4,120.0,Stable,0,New
CPD-1786,external_test,,120.0,Stable,0,Old
CPD-1787,train,1,120.0,Stable,0,New
CPD-1788,train,0,120.0,Stable,0,New
CPD-1789,internal_test,,112.26,Stable,0,New
CPD-1790,train,4,120.0,Stable,0,Old
CPD-1791,train,0,120.0,Stable,0,Old
CPD-1792,external_test,,120.0,Stable,0,Old
CPD-1793,internal_test,,120.0,Stable,0,Old
CPD-1794,external_test,,120.0,Stable,0,New
CPD-1795,external_test,,120.0,Stable,0,Old
CPD-1796,train,4,1.83,Unstable,1,Old
CPD-1797,train,2,120.0,Stable,0,Old
CPD-1798,train,2,120.0,Stable,0,New
CPD-1799,train,1,10.89,Unstable,1,Old
CPD-1800,train,4,87.93,Stable,0,New
CPD-1801,external_test,,38.27819127,Stable,0,New
CPD-1802,train,1,6.03,Unstable,1,Old
CPD-1803,train,0,120.0,Stable,0,New
CPD-1804,train,0,120.0,Stable,0,Old
CPD-1805,external_test,,120.0,Stable,0,New
CPD-1806,train,3,65.93,Stable,0,Old
CPD-1807,train,4,120.0,Stable,0,Old
CPD-1808,train,3,120.0,Stable,0,New
CPD-1809,external_test,,120.0,Stable,0,New
CPD-1811,train,3,9.74,Unstable,1,Old
CPD-1812,train,3,120.0,Stable,0,New
CPD-1813,train,0,120.0,Stable,0,Old
CPD-1814,train,2,35.18,Stable,0,New
CPD-1815,train,2,19.52,Unstable,1,Old
CPD-1817,train,2,120.0,Stable,0,New
CPD-1818,train,0,120.0,Stable,0,Old
CPD-1819,train,3,120.0,Stable,0,New
CPD-1820,train,4,120.0,Stable,0,New
CPD-1821,external_test,,120.0,Stable,0,New
CPD-1822,train,4,12.81,Unstable,1,Old
CPD-1823,train,3,111.55,Stable,0,Old
CPD-1824,train,3,120.0,Stable,0,New
CPD-1825,train,1,120.0,Stable,0,New
CPD-1826,train,3,108.45,Stable,0,Old
CPD-1827,train,4,68.51,Stable,0,Old
CPD-1828,train,4,82.86,Stable,0,Old
CPD-1829,train,3,1.89,Unstable,1,Old
CPD-1830,train,0,120.0,Stable,0,New
CPD-1831,train,2,2.42,Unstable,1,New
CPD-1832,train,4,95.15,Stable,0,New
CPD-1833,train,2,70.47,Stable,0,New
CPD-1834,train,2,120.0,Stable,0,New
CPD-1835,external_test,,120.0,Stable,0,Old
CPD-1836,train,1,120.0,Stable,0,New
CPD-1837,internal_test,,105.64,Stable,0,Old
CPD-1838,train,0,120.0,Stable,0,Old
CPD-1839,train,0,120.0,Stable,0,New
CPD-1840,train,0,120.0,Stable,0,Old
CPD-1841,train,3,107.89,Stable,0,New
CPD-1842,train,0,120.0,Stable,0,New
CPD-1843,train,3,120.0,Stable,0,New
CPD-1844,train,3,75.71,Stable,0,Old
CPD-1845,internal_test,,91.52,Stable,0,New
CPD-1846,train,1,50.35,Stable,0,Old
CPD-1847,train,3,120.0,Stable,0,New
CPD-1848,train,2,73.65,Stable,0,Old
CPD-1849,train,3,120.0,Stable,0,New
CPD-1850,train,3,115.14,Stable,0,Old
CPD-1851,train,1,17.37,Unstable,1,New
CPD-1852,train,0,120.0,Stable,0,New
CPD-1853,train,1,102.18,Stable,0,Old
CPD-1854,train,0,44.61,Stable,0,Old
CPD-1855,train,0,116.55,Stable,0,Old
CPD-1856,train,3,120.0,Stable,0,New
CPD-1857,train,2,120.0,Stable,0,Old
CPD-1858,train,1,118.48,Stable,0,New
CPD-1859,train,1,9.24,Unstable,1,Old
CPD-1860,internal_test,,120.0,Stable,0,Old
CPD-1861,train,4,102.83,Stable,0,New
CPD-1862,train,1,120.0,Stable,0,New
CPD-1863,train,4,100.62,Stable,0,New
CPD-1864,train,1,120.0,Stable,0,New
CPD-1865,train,0,120.0,Stable,0,New
CPD-1866,internal_test,,99.41,Stable,0,New
CPD-1867,train,1,120.0,Stable,0,New
CPD-1868,train,4,120.0,Stable,0,Old
CPD-1869,train,1,1.25,Unstable,1,Old
CPD-1870,train,1,120.0,Stable,0,Old
CPD-1871,train,0,120.0,Stable,0,New
CPD-1872,train,1,101.12,Stable,0,New
CPD-1873,internal_test,,120.0,Stable,0,New
CPD-1874,train,2,120.0,Stable,0,New
CPD-1875,train,2,44.55,Stable,0,Old
CPD-1876,external_test,,120.0,Stable,0,New
CPD-1877,train,4,85.55,Stable,0,New
CPD-1878,train,1,77.28,Stable,0,New
CPD-1879,external_test,,4.01,Unstable,1,Old
CPD-1880,train,2,120.0,Stable,0,Old
CPD-1881,train,2,49.77,Stable,0,Old
CPD-1882,train,1,85.24,Stable,0,Old
CPD-1883,internal_test,,120.0,Stable,0,New
CPD-1884,train,1,120.0,Stable,0,New
CPD-1885,train,0,120.0,Stable,0,New
CPD-1886,train,2,43.76,Stable,0,New
CPD-1887,train,2,120.0,Stable,0,New
CPD-1888,train,4,2.22,Unstable,1,Old
CPD-1889,train,3,120.0,Stable,0,New
CPD-1890,train,0,120.0,Stable,0,New
CPD-1891,train,4,19.96,Unstable,1,Old
CPD-1892,train,2,2.25,Unstable,1,Old
CPD-1893,train,2,115.58,Stable,0,Old
CPD-1894,train,4,120.0,Stable,0,New
CPD-1895,train,0,116.23,Stable,0,New
CPD-1896,internal_test,,52.21,Stable,0,New
CPD-1897,train,3,106.66,Stable,0,Old
CPD-1898,external_test,,120.0,Stable,0,New
CPD-1899,train,4,120.0,Stable,0,New
CPD-1900,train,4,85.61,Stable,0,New
CPD-1901,train,1,1.2,Unstable,1,Old
CPD-1902,internal_test,,48.88904803,Stable,0,New
CPD-1903,train,4,120.0,Stable,0,Old
CPD-1904,train,0,41.6,Stable,0,Old
CPD-1905,train,1,120.0,Stable,0,New
CPD-1906,train,4,120.0,Stable,0,New
CPD-1907,train,0,120.0,Stable,0,New
CPD-1908,internal_test,,120.0,Stable,0,New
CPD-1909,train,2,120.0,Stable,0,New
CPD-1910,internal_test,,51.65,Stable,0,Old
CPD-1911,train,2,120.0,Stable,0,New
CPD-1912,train,0,113.81,Stable,0,New
CPD-1913,train,2,101.36,Stable,0,New
CPD-1914,train,3,120.0,Stable,0,Old
CPD-1915,train,0,120.0,Stable,0,Old
CPD-1916,train,4,120.0,Stable,0,New
CPD-1917,train,1,59.57,Stable,0,Old
CPD-1918,internal_test,,120.0,Stable,0,New
CPD-1919,internal_test,,120.0,Stable,0,New
CPD-1920,train,2,120.0,Stable,0,New
CPD-1921,train,2,120.0,Stable,0,Old
CPD-1922,train,1,93.84396984,Stable,0,New
CPD-1923,internal_test,,120.0,Stable,0,Old
CPD-1924,train,3,120.0,Stable,0,New
CPD-1925,train,4,120.0,Stable,0,New
CPD-1926,train,3,120.0,Stable,0,New
CPD-1927,train,2,120.0,Stable,0,New
CPD-1928,external_test,,120.0,Stable,0,New
CPD-1929,train,1,120.0,Stable,0,New
CPD-1930,train,2,120.0,Stable,0,Old
CPD-1931,train,3,120.0,Stable,0,New
CPD-1932,train,4,120.0,Stable,0,New
CPD-1933,train,4,46.19,Stable,0,Old
CPD-1934,train,4,115.03,Stable,0,Old
CPD-1935,train,0,120.0,Stable,0,New
CPD-1937,train,2,120.0,Stable,0,New
CPD-1938,train,1,120.0,Stable,0,New
CPD-1939,train,1,63.13,Stable,0,New
CPD-1940,train,3,110.73,Stable,0,New
CPD-1941,train,3,69.54,Stable,0,New
CPD-1942,train,2,114.9,Stable,0,New
CPD-1943,train,0,110.74,Stable,0,New
CPD-1944,train,4,103.0,Stable,0,New
CPD-1945,train,3,120.0,Stable,0,New
CPD-1946,external_test,,120.0,Stable,0,New
CPD-1947,external_test,,120.0,Stable,0,New
CPD-1948,train,4,55.7,Stable,0,Old
CPD-1949,internal_test,,19.32,Unstable,1,Old
CPD-1950,train,4,96.8,Stable,0,Old
CPD-1951,train,4,120.0,Stable,0,Old
CPD-1952,train,3,120.0,Stable,0,New
CPD-1953,train,0,120.0,Stable,0,Old
CPD-1954,internal_test,,120.0,Stable,0,New
CPD-1955,train,0,120.0,Stable,0,Old
CPD-1956,train,1,2.58,Unstable,1,Old
CPD-1957,train,2,120.0,Stable,0,New
CPD-1958,train,3,120.0,Stable,0,New
CPD-1959,train,3,120.0,Stable,0,New
CPD-1960,train,3,120.0,Stable,0,Old
CPD-1961,external_test,,120.0,Stable,0,New
CPD-1962,internal_test,,120.0,Stable,0,New
CPD-1963,train,0,120.0,Stable,0,New
CPD-1964,train,2,120.0,Stable,0,New
CPD-1965,train,3,120.0,Stable,0,New
CPD-1966,train,2,120.0,Stable,0,New
CPD-1967,train,2,120.0,Stable,0,New
CPD-1968,train,3,120.0,Stable,0,New
CPD-1969,train,0,120.0,Stable,0,New
CPD-1970,train,4,120.0,Stable,0,New
CPD-1971,internal_test,,120.0,Stable,0,New
CPD-1972,train,4,46.03,Stable,0,New
CPD-1973,external_test,,96.95,Stable,0,New
CPD-1974,train,3,120.0,Stable,0,Old
CPD-1975,train,4,120.0,Stable,0,New
CPD-1976,train,3,28.37,Unstable,1,Old
CPD-1977,train,4,34.87,Stable,0,Old
CPD-1978,train,4,120.0,Stable,0,New
CPD-1979,train,3,3.63,Unstable,1,Old
CPD-1980,train,3,71.19,Stable,0,Old
CPD-1981,train,1,34.05,Stable,0,Old
CPD-1982,train,1,120.0,Stable,0,Old
CPD-1983,train,3,120.0,Stable,0,New
CPD-1984,train,2,120.0,Stable,0,New
CPD-1985,train,0,120.0,Stable,0,Old
CPD-1986,train,2,98.0,Stable,0,New
CPD-1987,train,1,20.48,Unstable,1,Old
CPD-1988,train,0,120.0,Stable,0,New
CPD-1989,train,3,120.0,Stable,0,New
CPD-1990,external_test,,82.81,Stable,0,Old
CPD-1991,internal_test,,81.09,Stable,0,Old
CPD-1992,train,4,118.63,Stable,0,New
CPD-1993,train,2,94.8567241,Stable,0,New
CPD-1994,train,1,101.98,Stable,0,Old
CPD-1995,train,2,120.0,Stable,0,Old
CPD-1996,train,0,120.0,Stable,0,Old
CPD-1997,train,2,120.0,Stable,0,New
CPD-1998,external_test,,120.0,Stable,0,Old
CPD-1999,train,1,120.0,Stable,0,New
CPD-2000,train,0,120.0,Stable,0,New
CPD-2001,train,3,115.15,Stable,0,New
CPD-2002,train,4,120.0,Stable,0,New
CPD-2003,train,4,56.48,Stable,0,New
CPD-2004,train,0,77.0,Stable,0,Old
CPD-2005,external_test,,54.60095591,Stable,0,New
CPD-2006,train,4,96.63471582,Stable,0,New
CPD-2007,train,4,51.97,Stable,0,Old
CPD-2008,train,2,29.48,Unstable,1,New
CPD-2009,external_test,,8.4,Unstable,1,Old
CPD-2010,train,4,120.0,Stable,0,New
CPD-2011,train,1,42.04,Stable,0,Old
CPD-2012,external_test,,83.06,Stable,0,New
CPD-2013,train,4,120.0,Stable,0,Old
CPD-2014,train,2,120.0,Stable,0,New
CPD-2015,train,4,120.0,Stable,0,New
CPD-2016,external_test,,120.0,Stable,0,Old
CPD-2017,train,3,120.0,Stable,0,New
CPD-2018,train,2,120.0,Stable,0,New
CPD-2019,train,4,82.58,Stable,0,Old
CPD-2020,train,0,120.0,Stable,0,Old
CPD-2021,train,0,120.0,Stable,0,New
CPD-2022,train,2,120.0,Stable,0,New
CPD-2023,train,0,98.03,Stable,0,Old
CPD-2024,internal_test,,120.0,Stable,0,New
CPD-2025,train,2,24.79,Unstable,1,New
CPD-2026,train,0,120.0,Stable,0,New
CPD-2027,train,2,84.29,Stable,0,New
CPD-2028,train,0,120.0,Stable,0,Old
CPD-2029,train,2,120.0,Stable,0,New
CPD-2030,train,2,120.0,Stable,0,New
CPD-2031,train,0,1.85,Unstable,1,Old
CPD-2032,train,3,109.35,Stable,0,Old
CPD-2033,train,4,120.0,Stable,0,New
CPD-2034,train,3,99.7,Stable,0,New
CPD-2035,train,3,56.6,Stable,0,Old
CPD-2036,train,2,71.38,Stable,0,New
CPD-2037,train,1,120.0,Stable,0,Old
CPD-2038,train,4,93.46,Stable,0,Old
CPD-2039,external_test,,101.34,Stable,0,New
CPD-2040,external_test,,73.58,Stable,0,New
CPD-2041,external_test,,120.0,Stable,0,New
CPD-2042,train,1,120.0,Stable,0,New
CPD-2043,train,2,120.0,Stable,0,New
CPD-2044,train,3,102.5,Stable,0,New
CPD-2045,train,3,120.0,Stable,0,Old
CPD-2046,train,4,103.36,Stable,0,New
CPD-2047,train,4,120.0,Stable,0,New
CPD-2048,internal_test,,117.6,Stable,0,New
CPD-2049,external_test,,14.95,Unstable,1,Old
CPD-2050,train,1,120.0,Stable,0,New
CPD-2052,train,0,42.87,Stable,0,Old
CPD-2053,external_test,,64.0,Stable,0,New
CPD-2054,train,2,84.46,Stable,0,New
CPD-2055,train,2,5.56,Unstable,1,Old
CPD-2056,train,1,14.9,Unstable,1,Old
CPD-2057,train,0,92.97,Stable,0,New
CPD-2058,train,4,12.25,Unstable,1,Old
CPD-2059,train,1,120.0,Stable,0,New
CPD-2060,internal_test,,87.75,Stable,0,Old
CPD-2061,train,1,57.93,Stable,0,Old
CPD-2062,external_test,,120.0,Stable,0,Old
CPD-2064,train,2,82.99,Stable,0,New
CPD-2065,train,3,55.83,Stable,0,Old
CPD-2066,train,0,120.0,Stable,0,New
CPD-2067,train,0,120.0,Stable,0,New
CPD-2068,train,2,120.0,Stable,0,New
CPD-2069,train,4,120.0,Stable,0,New
CPD-2070,internal_test,,48.01,Stable,0,Old
CPD-2071,internal_test,,120.0,Stable,0,New
CPD-2072,train,3,120.0,Stable,0,New
CPD-2073,internal_test,,110.05,Stable,0,New
CPD-2074,train,3,69.25,Stable,0,New
CPD-2075,train,1,2.15,Unstable,1,Old
CPD-2076,internal_test,,120.0,Stable,0,Old
CPD-2077,train,4,120.0,Stable,0,Old
CPD-2078,external_test,,120.0,Stable,0,New
CPD-2079,train,2,120.0,Stable,0,New
CPD-2080,train,2,119.07,Stable,0,Old
CPD-2081,train,0,2.92,Unstable,1,Old
CPD-2082,train,2,120.0,Stable,0,New
CPD-2083,train,0,120.0,Stable,0,New
CPD-2084,train,1,120.0,Stable,0,New
CPD-2085,train,4,96.15,Stable,0,New
CPD-2086,internal_test,,120.0,Stable,0,New
CPD-2087,train,1,18.57,Unstable,1,Old
CPD-2088,internal_test,,101.36,Stable,0,New
CPD-2089,train,3,14.91,Unstable,1,New
CPD-2090,internal_test,,49.69,Stable,0,Old
CPD-2091,train,1,120.0,Stable,0,New
CPD-2092,train,0,88.94,Stable,0,Old
CPD-2093,train,1,111.64,Stable,0,Old
CPD-2094,train,2,120.0,Stable,0,New
CPD-2095,train,0,120.0,Stable,0,New
CPD-2096,external_test,,6.24,Unstable,1,New
CPD-2097,train,2,100.71,Stable,0,New
CPD-2098,external_test,,120.0,Stable,0,New
CPD-2099,train,1,0.99,Unstable,1,Old
CPD-2100,train,2,120.0,Stable,0,New
CPD-2101,train,0,120.0,Stable,0,Old
CPD-2102,internal_test,,59.35,Stable,0,New
CPD-2103,train,2,120.0,Stable,0,New
CPD-2104,train,4,120.0,Stable,0,Old
CPD-2105,train,2,29.73,Unstable,1,Old
CPD-2106,train,2,7.85,Unstable,1,Old
CPD-2107,external_test,,120.0,Stable,0,Old
CPD-2108,train,3,120.0,Stable,0,New
CPD-2109,internal_test,,7.17,Unstable,1,Old
CPD-2110,train,1,26.54,Unstable,1,Old
CPD-2111,internal_test,,77.99,Stable,0,New
CPD-2112,train,0,120.0,Stable,0,Old
CPD-2113,train,1,38.26,Stable,0,New
CPD-2114,external_test,,46.48,Stable,0,Old
CPD-2115,train,4,120.0,Stable,0,New
CPD-2116,external_test,,109.07,Stable,0,New
CPD-2118,train,2,120.0,Stable,0,New
CPD-2119,train,4,17.98,Unstable,1,Old
CPD-2120,train,3,120.0,Stable,0,New
CPD-2121,train,4,120.0,Stable,0,New
CPD-2122,train,0,120.0,Stable,0,New
CPD-2123,train,0,120.0,Stable,0,Old
CPD-2124,external_test,,120.0,Stable,0,Old
CPD-2125,internal_test,,105.62,Stable,0,Old
CPD-2126,internal_test,,120.0,Stable,0,Old
CPD-2127,train,0,36.74,Stable,0,New
CPD-2128,train,3,113.1,Stable,0,Old
CPD-2129,train,0,34.1920733,Stable,0,New
CPD-2130,internal_test,,91.58,Stable,0,New
CPD-2132,train,4,120.0,Stable,0,New
CPD-2133,train,3,31.44,Stable,0,Old
CPD-2134,external_test,,116.68,Stable,0,New
CPD-2135,train,3,120.0,Stable,0,New
CPD-2136,train,1,82.98,Stable,0,New
CPD-2137,train,0,120.0,Stable,0,New
CPD-2138,train,3,120.0,Stable,0,New
CPD-2139,external_test,,66.5,Stable,0,New
CPD-2141,train,1,120.0,Stable,0,Old
CPD-2142,internal_test,,41.42,Stable,0,New
CPD-2143,train,3,120.0,Stable,0,New
CPD-2144,external_test,,120.0,Stable,0,New
CPD-2145,train,3,120.0,Stable,0,Old
CPD-2146,train,3,99.66,Stable,0,Old
CPD-2147,train,4,120.0,Stable,0,New
CPD-2148,train,4,120.0,Stable,0,New
CPD-2149,internal_test,,49.8,Stable,0,New
CPD-2150,train,2,10.99,Unstable,1,Old
CPD-2151,train,1,107.71,Stable,0,Old
CPD-2152,external_test,,49.57,Stable,0,Old
CPD-2153,train,3,81.62,Stable,0,Old
CPD-2154,internal_test,,120.0,Stable,0,New
CPD-2155,train,1,3.59,Unstable,1,Old
CPD-2156,train,2,120.0,Stable,0,New
CPD-2157,train,2,120.0,Stable,0,Old
CPD-2158,train,2,120.0,Stable,0,Old
CPD-2159,train,2,120.0,Stable,0,New
CPD-2160,train,0,19.39,Unstable,1,Old
CPD-2161,train,0,75.07,Stable,0,Old
CPD-2162,train,1,11.75,Unstable,1,Old
CPD-2163,train,1,30.14,Stable,0,Old
CPD-2164,external_test,,120.0,Stable,0,Old
CPD-2165,external_test,,1.51,Unstable,1,Old
CPD-2166,train,1,120.0,Stable,0,Old
CPD-2167,train,2,120.0,Stable,0,New
CPD-2168,train,0,120.0,Stable,0,Old
CPD-2169,train,4,113.69,Stable,0,New
CPD-2170,train,4,120.0,Stable,0,New
CPD-2171,train,2,120.0,Stable,0,New
CPD-2172,external_test,,120.0,Stable,0,New
CPD-2173,train,4,112.74,Stable,0,Old
CPD-2174,train,4,18.6,Unstable,1,New
CPD-2175,train,3,120.0,Stable,0,Old
CPD-2176,train,0,120.0,Stable,0,New
CPD-2177,train,1,43.32,Stable,0,Old
CPD-2178,train,2,120.0,Stable,0,New
CPD-2179,train,3,94.54,Stable,0,Old
CPD-2180,internal_test,,120.0,Stable,0,New
CPD-2181,train,0,115.48,Stable,0,Old
CPD-2182,train,1,115.36,Stable,0,Old
CPD-2183,train,4,120.0,Stable,0,New
CPD-2184,train,4,120.0,Stable,0,New
CPD-2185,train,1,92.26,Stable,0,Old
CPD-2186,train,4,15.81,Unstable,1,Old
CPD-2187,train,2,51.58,Stable,0,Old
CPD-2188,train,3,49.78,Stable,0,New
CPD-2189,train,2,84.72316946,Stable,0,New
CPD-2190,train,0,81.86,Stable,0,Old
CPD-2191,train,3,120.0,Stable,0,New
CPD-2192,train,4,69.95,Stable,0,New
CPD-2193,train,0,120.0,Stable,0,New
CPD-2194,train,4,120.0,Stable,0,New
CPD-2195,train,1,84.07,Stable,0,Old
CPD-2196,external_test,,120.0,Stable,0,New
CPD-2197,internal_test,,120.0,Stable,0,New
CPD-2198,train,3,120.0,Stable,0,New
CPD-2199,train,2,120.0,Stable,0,New
CPD-2200,train,2,5.96,Unstable,1,New
CPD-2201,external_test,,120.0,Stable,0,New
CPD-2202,internal_test,,101.67,Stable,0,Old
CPD-2203,train,2,15.88,Unstable,1,Old
CPD-2204,train,4,120.0,Stable,0,New
CPD-2205,train,1,82.37,Stable,0,Old
CPD-2206,train,0,120.0,Stable,0,Old
CPD-2207,train,0,120.0,Stable,0,Old
CPD-2208,train,0,120.0,Stable,0,New
CPD-2209,train,2,120.0,Stable,0,New
CPD-2210,train,3,105.69,Stable,0,Old
CPD-2211,external_test,,120.0,Stable,0,New
CPD-2212,train,3,31.68347469,Stable,0,New
CPD-2213,train,1,110.33,Stable,0,New
CPD-2214,train,0,48.9,Stable,0,Old
CPD-2215,train,3,120.0,Stable,0,Old
CPD-2216,external_test,,12.03,Unstable,1,Old
CPD-2217,train,3,40.06,Stable,0,New
CPD-2218,train,2,9.11,Unstable,1,Old
CPD-2219,train,0,90.54,Stable,0,Old
CPD-2220,train,1,120.0,Stable,0,New
CPD-2221,internal_test,,44.78,Stable,0,New
CPD-2222,train,0,120.0,Stable,0,New
CPD-2223,internal_test,,17.21,Unstable,1,Old
CPD-2224,train,3,120.0,Stable,0,New
CPD-2225,train,2,120.0,Stable,0,Old
CPD-2226,train,2,16.68,Unstable,1,Old
CPD-2227,train,1,15.38,Unstable,1,Old
CPD-2228,external_test,,96.26,Stable,0,New
CPD-2229,train,4,50.5,Stable,0,New
CPD-2230,train,0,74.45,Stable,0,New
CPD-2231,train,2,0.92,Unstable,1,Old
CPD-2232,train,4,120.0,Stable,0,Old
CPD-2233,train,4,120.0,Stable,0,Old
CPD-2234,train,1,53.63,Stable,0,Old
CPD-2235,train,0,120.0,Stable,0,Old
CPD-2236,train,3,120.0,Stable,0,Old
CPD-2237,internal_test,,120.0,Stable,0,New
CPD-2238,train,1,120.0,Stable,0,New
CPD-2239,train,0,120.0,Stable,0,New
CPD-2240,train,3,120.0,Stable,0,Old
CPD-2241,train,0,88.51,Stable,0,New
CPD-2242,train,1,119.79,Stable,0,Old
CPD-2243,train,4,64.84815998,Stable,0,New
CPD-2244,train,2,120.0,Stable,0,New
CPD-2245,train,0,120.0,Stable,0,Old
CPD-2246,train,2,14.24,Unstable,1,New
CPD-2247,train,0,120.0,Stable,0,New
CPD-2248,train,1,120.0,Stable,0,Old
CPD-2249,train,4,120.0,Stable,0,New
CPD-2250,train,0,110.27,Stable,0,Old
CPD-2251,train,1,56.4,Stable,0,Old
CPD-2252,internal_test,,120.0,Stable,0,New
CPD-2253,train,0,120.0,Stable,0,Old
CPD-2254,train,3,77.42,Stable,0,Old
CPD-2255,train,4,120.0,Stable,0,New
CPD-2257,internal_test,,120.0,Stable,0,New
CPD-2258,train,1,96.69677142,Stable,0,New
CPD-2259,train,0,2.18,Unstable,1,Old
CPD-2260,train,4,120.0,Stable,0,New
CPD-2261,train,3,75.76,Stable,0,New
CPD-2262,train,0,120.0,Stable,0,New
CPD-2263,external_test,,120.0,Stable,0,New
CPD-2264,train,4,120.0,Stable,0,Old
CPD-2265,train,3,120.0,Stable,0,New
CPD-2266,train,4,7.85,Unstable,1,New
CPD-2267,train,4,85.94,Stable,0,New
CPD-2268,train,0,100.55,Stable,0,New
CPD-2269,train,1,108.69,Stable,0,New
CPD-2270,external_test,,120.0,Stable,0,New
CPD-2271,train,4,120.0,Stable,0,Old
CPD-2272,train,2,120.0,Stable,0,New
CPD-2273,train,2,120.0,Stable,0,Old
CPD-2274,train,3,120.0,Stable,0,New
CPD-2275,train,2,35.51,Stable,0,Old
CPD-2276,train,2,71.97170299,Stable,0,New
CPD-2277,train,1,120.0,Stable,0,New
CPD-2278,train,2,120.0,Stable,0,Old
CPD-2279,train,2,95.0,Stable,0,Old
CPD-2280,train,1,92.99,Stable,0,New
CPD-2281,internal_test,,100.61,Stable,0,Old
CPD-2282,train,0,63.36,Stable,0,Old
CPD-2283,train,1,120.0,Stable,0,New
CPD-2284,external_test,,120.0,Stable,0,New
CPD-2285,external_test,,120.0,Stable,0,New
CPD-2286,train,0,120.0,Stable,0,Old
CPD-2287,train,1,45.24,Stable,0,Old
CPD-2288,train,1,120.0,Stable,0,New
CPD-2289,train,3,120.0,Stable,0,New
CPD-2290,train,2,59.15,Stable,0,Old
CPD-2291,train,2,120.0,Stable,0,New
CPD-2292,train,2,70.9,Stable,0,Old
CPD-2293,external_test,,96.66,Stable,0,New
CPD-2294,train,3,3.53,Unstable,1,Old
CPD-2295,train,2,120.0,Stable,0,New
CPD-2296,train,1,55.04,Stable,0,New
CPD-2297,train,4,117.18,Stable,0,Old
CPD-2298,internal_test,,102.0,Stable,0,New
CPD-2299,train,0,120.0,Stable,0,New
CPD-2300,internal_test,,120.0,Stable,0,New
CPD-2301,train,0,120.0,Stable,0,New
CPD-2302,internal_test,,120.0,Stable,0,New
CPD-2303,train,0,120.0,Stable,0,New
CPD-2304,train,2,2.43,Unstable,1,Old
CPD-2305,train,4,81.81,Stable,0,New
CPD-2306,external_test,,120.0,Stable,0,New
CPD-2307,train,0,120.0,Stable,0,New
CPD-2308,train,1,113.34,Stable,0,New
CPD-2309,internal_test,,76.42,Stable,0,New
CPD-2310,train,0,120.0,Stable,0,Old
CPD-2311,external_test,,112.32,Stable,0,New
CPD-2312,train,0,44.15,Stable,0,Old
CPD-2313,train,0,120.0,Stable,0,New
CPD-2314,external_test,,120.0,Stable,0,Old
CPD-2315,train,3,91.48,Stable,0,New
CPD-2316,train,0,4.52,Unstable,1,Old
CPD-2317,train,2,61.67,Stable,0,Old
CPD-2318,train,3,120.0,Stable,0,New
CPD-2319,external_test,,120.0,Stable,0,New
CPD-2321,train,2,4.16,Unstable,1,New
CPD-2322,train,1,120.0,Stable,0,New
CPD-2323,train,3,98.2,Stable,0,Old
CPD-2324,train,4,51.97,Stable,0,New
CPD-2325,external_test,,106.02,Stable,0,New
CPD-2327,internal_test,,120.0,Stable,0,New
CPD-2328,train,3,120.0,Stable,0,New
CPD-2329,internal_test,,65.35,Stable,0,New
CPD-2330,train,4,0.96,Unstable,1,Old
CPD-2331,train,2,102.09,Stable,0,New
CPD-2332,external_test,,120.0,Stable,0,New
CPD-2333,train,0,18.54,Unstable,1,New
CPD-2334,train,2,120.0,Stable,0,New
CPD-2335,train,2,3.2,Unstable,1,Old
CPD-2336,train,2,120.0,Stable,0,New
CPD-2337,train,2,99.43,Stable,0,Old
CPD-2338,train,0,3.17,Unstable,1,Old
CPD-2339,train,2,120.0,Stable,0,New
CPD-2340,train,4,6.89,Unstable,1,Old
CPD-2341,train,0,120.0,Stable,0,Old
CPD-2342,train,1,46.11,Stable,0,Old
CPD-2343,train,2,120.0,Stable,0,New
CPD-2344,train,2,117.64,Stable,0,Old
CPD-2345,train,4,120.0,Stable,0,New
CPD-2346,train,2,120.0,Stable,0,New
CPD-2347,train,0,120.0,Stable,0,New
CPD-2348,internal_test,,120.0,Stable,0,New
CPD-2349,train,4,120.0,Stable,0,Old
CPD-2350,train,4,70.52,Stable,0,Old
CPD-2352,train,0,64.18,Stable,0,Old
CPD-2353,train,1,35.37,Stable,0,Old
CPD-2354,internal_test,,120.0,Stable,0,New
CPD-2355,internal_test,,120.0,Stable,0,Old
CPD-2356,train,2,120.0,Stable,0,New
CPD-2357,external_test,,84.4,Stable,0,New
CPD-2358,train,4,120.0,Stable,0,Old
CPD-2359,train,4,120.0,Stable,0,Old
CPD-2360,train,0,13.5,Unstable,1,Old
CPD-2361,train,1,120.0,Stable,0,New
CPD-2362,train,2,120.0,Stable,0,New
CPD-2363,train,4,120.0,Stable,0,Old
CPD-2364,train,2,44.26,Stable,0,New
CPD-2365,train,2,120.0,Stable,0,New
CPD-2366,internal_test,,120.0,Stable,0,Old
CPD-2367,train,3,117.44,Stable,0,New
CPD-2369,train,2,4.77,Unstable,1,Old
CPD-2370,train,3,69.88,Stable,0,Old
CPD-2371,train,4,9.87,Unstable,1,Old
CPD-2372,train,2,7.07,Unstable,1,Old
CPD-2373,external_test,,22.9,Unstable,1,Old
CPD-2374,train,2,120.0,Stable,0,New
CPD-2375,external_test,,120.0,Stable,0,New
CPD-2376,train,2,120.0,Stable,0,New
CPD-2377,train,0,116.03,Stable,0,Old
CPD-2378,train,3,120.0,Stable,0,New
CPD-2379,train,3,120.0,Stable,0,Old
CPD-2380,train,3,48.3,Stable,0,Old
CPD-2381,train,0,120.0,Stable,0,New
CPD-2382,train,4,120.0,Stable,0,New
CPD-2383,internal_test,,120.0,Stable,0,Old
CPD-2384,train,4,120.0,Stable,0,New
CPD-2385,train,0,120.0,Stable,0,New
CPD-2386,train,2,5.22,Unstable,1,Old
CPD-2387,train,2,100.7,Stable,0,Old
CPD-2388,train,1,120.0,Stable,0,Old
CPD-2389,train,2,105.71,Stable,0,Old
CPD-2390,train,4,120.0,Stable,0,New
CPD-2391,external_test,,2.56,Unstable,1,Old
CPD-2392,train,2,14.47,Unstable,1,New
CPD-2393,train,3,80.31,Stable,0,New
CPD-2394,train,2,120.0,Stable,0,New
CPD-2395,train,4,120.0,Stable,0,New
CPD-2396,train,4,18.36,Unstable,1,Old
CPD-2397,train,0,120.0,Stable,0,Old
CPD-2398,train,1,28.6,Unstable,1,Old
CPD-2399,train,4,120.0,Stable,0,New
CPD-2400,train,2,120.0,Stable,0,New
CPD-2401,train,1,33.16,Stable,0,Old
CPD-2402,train,1,59.65,Stable,0,New
CPD-2403,external_test,,36.18,Stable,0,New
CPD-2404,train,1,120.0,Stable,0,New
CPD-2405,internal_test,,54.32,Stable,0,Old
CPD-2406,train,1,35.16,Stable,0,Old
CPD-2407,internal_test,,16.15,Unstable,1,Old
CPD-2408,train,1,120.0,Stable,0,Old
CPD-2409,train,3,120.0,Stable,0,New
CPD-2410,train,2,120.0,Stable,0,New
CPD-2411,internal_test,,120.0,Stable,0,New
CPD-2412,train,0,120.0,Stable,0,Old
CPD-2413,external_test,,117.92,Stable,0,New
CPD-2414,train,2,120.0,Stable,0,New
CPD-2415,internal_test,,109.39,Stable,0,Old
CPD-2416,train,4,120.0,Stable,0,New
CPD-2417,train,3,120.0,Stable,0,New
CPD-2418,train,1,51.7,Stable,0,New
CPD-2419,train,2,11.9,Unstable,1,New
CPD-2420,train,4,120.0,Stable,0,New
CPD-2421,train,1,120.0,Stable,0,New
CPD-2422,train,2,120.0,Stable,0,New
CPD-2423,internal_test,,50.82,Stable,0,New
CPD-2424,train,0,111.88,Stable,0,New
CPD-2425,train,0,120.0,Stable,0,New
CPD-2426,internal_test,,60.45,Stable,0,New
CPD-2427,external_test,,113.9703209,Stable,0,New
CPD-2428,train,1,104.2502019,Stable,0,New
CPD-2429,train,2,120.0,Stable,0,New
CPD-2430,train,3,35.05,Stable,0,New
CPD-2431,train,3,120.0,Stable,0,New
CPD-2432,external_test,,14.13,Unstable,1,Old
CPD-2433,internal_test,,120.0,Stable,0,Old
CPD-2434,train,3,120.0,Stable,0,Old
CPD-2435,train,3,9.68,Unstable,1,Old
CPD-2436,train,0,21.66,Unstable,1,New
CPD-2437,train,2,120.0,Stable,0,Old
CPD-2438,train,1,120.0,Stable,0,New
CPD-2439,train,0,117.0,Stable,0,Old
CPD-2440,train,3,120.0,Stable,0,New
CPD-2441,external_test,,120.0,Stable,0,New
CPD-2442,train,1,120.0,Stable,0,New
CPD-2443,external_test,,80.49814721,Stable,0,New
CPD-2444,train,2,120.0,Stable,0,New
CPD-2445,train,1,120.0,Stable,0,New
CPD-2446,internal_test,,100.74,Stable,0,Old
CPD-2447,train,0,109.49,Stable,0,Old
CPD-2448,train,1,113.82,Stable,0,Old
CPD-2449,train,2,120.0,Stable,0,New
CPD-2451,external_test,,120.0,Stable,0,Old
CPD-2452,external_test,,120.0,Stable,0,Old
CPD-2453,train,0,120.0,Stable,0,New
CPD-2455,train,4,120.0,Stable,0,Old
CPD-2456,external_test,,105.92,Stable,0,New
CPD-2457,external_test,,120.0,Stable,0,Old
CPD-2458,train,0,112.11,Stable,0,New
CPD-2459,train,3,120.0,Stable,0,New
CPD-2461,train,2,120.0,Stable,0,Old
CPD-2462,train,0,120.0,Stable,0,New
CPD-2463,train,3,39.74,Stable,0,Old
CPD-2464,train,3,120.0,Stable,0,Old
CPD-2465,internal_test,,44.28,Stable,0,New
CPD-2466,train,3,15.52571881,Unstable,1,New
CPD-2467,train,0,53.09,Stable,0,Old
CPD-2468,train,1,120.0,Stable,0,New
CPD-2469,external_test,,19.03,Unstable,1,New
CPD-2470,train,2,120.0,Stable,0,New
CPD-2471,external_test,,51.88,Stable,0,Old
CPD-2472,train,0,50.81,Stable,0,New
CPD-2473,internal_test,,47.8,Stable,0,Old
CPD-2474,train,1,120.0,Stable,0,New
CPD-2475,train,3,120.0,Stable,0,New
CPD-2476,train,0,120.0,Stable,0,Old
CPD-2477,train,1,120.0,Stable,0,New
CPD-2478,train,0,1.02,Unstable,1,Old
CPD-2479,train,2,120.0,Stable,0,New
CPD-2480,train,0,21.6,Unstable,1,New
CPD-2481,train,4,37.24,Stable,0,New
CPD-2482,internal_test,,120.0,Stable,0,Old
CPD-2483,train,2,86.18,Stable,0,New
CPD-2484,train,0,54.76,Stable,0,New
CPD-2485,train,2,120.0,Stable,0,New
CPD-2486,train,2,105.12,Stable,0,Old
CPD-2487,train,1,120.0,Stable,0,New
CPD-2488,internal_test,,120.0,Stable,0,New
CPD-2489,internal_test,,120.0,Stable,0,New
CPD-2490,external_test,,120.0,Stable,0,New
CPD-2491,train,3,111.46,Stable,0,Old
CPD-2492,train,4,83.36,Stable,0,New
CPD-2493,train,1,120.0,Stable,0,New
CPD-2494,train,1,68.02,Stable,0,New
CPD-2495,external_test,,120.0,Stable,0,New
CPD-2496,train,3,53.42207586,Stable,0,New
CPD-2497,train,2,120.0,Stable,0,New
CPD-2498,train,0,120.0,Stable,0,New
CPD-2499,train,0,51.19,Stable,0,New
CPD-2500,train,0,120.0,Stable,0,New
CPD-2501,train,4,5.47,Unstable,1,Old
CPD-2502,train,1,120.0,Stable,0,New
CPD-2503,train,1,120.0,Stable,0,Old
CPD-2504,internal_test,,120.0,Stable,0,New
CPD-2505,train,3,95.31,Stable,0,Old
CPD-2506,train,4,91.96,Stable,0,New
CPD-2507,train,0,120.0,Stable,0,New
CPD-2508,train,3,120.0,Stable,0,Old
CPD-2509,train,2,120.0,Stable,0,Old
CPD-2510,train,1,120.0,Stable,0,Old
CPD-2511,train,1,95.94,Stable,0,New
CPD-2512,train,3,110.4831628,Stable,0,New
CPD-2513,train,4,74.73823114,Stable,0,New
CPD-2514,train,3,120.0,Stable,0,Old
CPD-2515,train,3,120.0,Stable,0,Old
CPD-2516,train,3,97.93,Stable,0,New
CPD-2517,train,4,78.05133533,Stable,0,New
CPD-2519,train,2,120.0,Stable,0,New
CPD-2519,train,2,120.0,Stable,0,New
CPD-2520,internal_test,,109.94,Stable,0,Old
CPD-2521,train,1,58.11,Stable,0,Old
CPD-2522,train,2,120.0,Stable,0,New
CPD-2523,internal_test,,120.0,Stable,0,New
CPD-2524,train,4,120.0,Stable,0,Old
CPD-2525,train,0,37.64,Stable,0,Old
CPD-2526,train,3,120.0,Stable,0,Old
CPD-2527,train,0,120.0,Stable,0,Old
CPD-2528,train,2,120.0,Stable,0,New
CPD-2529,train,0,75.37,Stable,0,Old
CPD-2530,train,3,46.78,Stable,0,Old
CPD-2531,internal_test,,0.72,Unstable,1,Old
CPD-2532,train,4,120.0,Stable,0,New
CPD-2533,train,3,120.0,Stable,0,New
CPD-2534,train,3,120.0,Stable,0,New
CPD-2536,train,2,120.0,Stable,0,New
CPD-2537,train,3,117.37,Stable,0,Old
CPD-2538,train,3,120.0,Stable,0,New
CPD-2539,internal_test,,120.0,Stable,0,New
CPD-2540,train,4,26.39,Unstable,1,New
CPD-2541,train,3,83.25,Stable,0,New
CPD-2542,train,2,120.0,Stable,0,New
CPD-2543,train,3,108.03,Stable,0,Old
CPD-2544,train,3,91.32,Stable,0,New
CPD-2545,train,4,120.0,Stable,0,New
CPD-2546,train,1,120.0,Stable,0,New
CPD-2547,external_test,,120.0,Stable,0,New
CPD-2548,train,0,120.0,Stable,0,Old
CPD-2549,train,3,97.68,Stable,0,Old
CPD-2550,train,0,50.77,Stable,0,New
CPD-2551,train,0,66.48,Stable,0,Old
CPD-2552,train,4,93.10437087,Stable,0,New
CPD-2553,train,0,120.0,Stable,0,Old
CPD-2554,train,1,22.23,Unstable,1,New
CPD-2555,external_test,,47.22,Stable,0,Old
CPD-2556,train,1,41.81,Stable,0,Old
CPD-2557,train,0,120.0,Stable,0,Old
CPD-2558,train,1,120.0,Stable,0,New
CPD-2559,train,0,120.0,Stable,0,New
CPD-2560,train,4,105.7,Stable,0,New
CPD-2561,train,2,49.16,Stable,0,Old
CPD-2562,train,3,120.0,Stable,0,New
CPD-2563,train,4,120.0,Stable,0,Old
CPD-2564,train,3,120.0,Stable,0,New
CPD-2565,train,2,89.82,Stable,0,Old
CPD-2566,train,2,120.0,Stable,0,Old
CPD-2567,train,1,85.51,Stable,0,Old
CPD-2568,train,4,105.61,Stable,0,Old
CPD-2569,internal_test,,8.42,Unstable,1,Old
CPD-2570,train,4,89.99,Stable,0,New
CPD-2571,train,4,120.0,Stable,0,New
CPD-2572,internal_test,,120.0,Stable,0,New
CPD-2573,external_test,,12.98,Unstable,1,Old
CPD-2574,train,3,57.2,Stable,0,Old
CPD-2575,internal_test,,107.0,Stable,0,New
CPD-2576,train,2,120.0,Stable,0,New
CPD-2578,external_test,,23.75,Unstable,1,Old
CPD-2579,train,1,120.0,Stable,0,New
CPD-2580,train,1,120.0,Stable,0,New
CPD-2581,external_test,,120.0,Stable,0,New
CPD-2582,train,2,120.0,Stable,0,New
CPD-2583,external_test,,7.61,Unstable,1,Old
CPD-2584,train,4,120.0,Stable,0,Old
CPD-2585,internal_test,,120.0,Stable,0,New
CPD-2586,train,4,120.0,Stable,0,New
CPD-2587,external_test,,120.0,Stable,0,New
CPD-2588,train,4,120.0,Stable,0,Old
CPD-2589,train,4,57.67972974,Stable,0,New
CPD-2590,external_test,,120.0,Stable,0,New
CPD-2591,train,0,120.0,Stable,0,New
CPD-2592,internal_test,,10.5,Unstable,1,Old
CPD-2593,train,0,2.49,Unstable,1,Old
CPD-2594,train,0,120.0,Stable,0,New
CPD-2595,internal_test,,50.5,Stable,0,Old
CPD-2596,external_test,,0.911125865,Unstable,1,New
CPD-2597,train,2,100.44,Stable,0,Old
CPD-2598,train,4,10.27,Unstable,1,New
CPD-2599,train,0,120.0,Stable,0,New
CPD-2600,train,2,7.59,Unstable,1,New
CPD-2601,external_test,,16.25,Unstable,1,New
CPD-2602,external_test,,120.0,Stable,0,New
CPD-2603,train,4,78.05180298,Stable,0,New
CPD-2604,internal_test,,120.0,Stable,0,New
CPD-2605,train,0,120.0,Stable,0,Old
CPD-2606,train,4,120.0,Stable,0,New
CPD-2607,train,0,120.0,Stable,0,New
CPD-2608,train,0,120.0,Stable,0,New
CPD-2609,external_test,,91.67,Stable,0,New
CPD-2610,train,4,9.56,Unstable,1,New
CPD-2611,external_test,,30.19,Stable,0,New
CPD-2613,train,4,105.42,Stable,0,New
CPD-2614,internal_test,,6.48,Unstable,1,New
CPD-2615,train,1,120.0,Stable,0,New
CPD-2616,train,0,120.0,Stable,0,Old
CPD-2617,external_test,,1.45,Unstable,1,Old
CPD-2618,train,1,108.23,Stable,0,New
CPD-2619,train,2,120.0,Stable,0,Old
CPD-2620,train,4,120.0,Stable,0,New
CPD-2621,train,2,72.34180997,Stable,0,New
CPD-2622,train,3,93.16,Stable,0,New
CPD-2623,train,0,120.0,Stable,0,New
CPD-2624,train,1,120.0,Stable,0,New
CPD-2625,train,2,120.0,Stable,0,New
CPD-2626,train,2,95.41,Stable,0,Old
CPD-2627,train,2,55.25,Stable,0,Old
CPD-2628,external_test,,46.72,Stable,0,New
CPD-2629,external_test,,104.66,Stable,0,New
CPD-2630,train,3,18.14,Unstable,1,Old
CPD-2631,train,3,120.0,Stable,0,New
CPD-2633,train,3,120.0,Stable,0,Old
CPD-2634,train,3,120.0,Stable,0,Old
CPD-2635,train,2,21.63,Unstable,1,New
CPD-2636,external_test,,47.73,Stable,0,Old
CPD-2637,train,3,120.0,Stable,0,Old
CPD-2638,train,2,120.0,Stable,0,New
CPD-2639,train,0,120.0,Stable,0,New
CPD-2640,train,0,120.0,Stable,0,New
CPD-2641,train,1,120.0,Stable,0,New
CPD-2642,external_test,,88.15,Stable,0,Old
CPD-2643,train,3,50.34,Stable,0,Old
CPD-2644,train,0,120.0,Stable,0,New
CPD-2645,train,0,120.0,Stable,0,New
CPD-2646,train,1,78.19,Stable,0,New
CPD-2647,train,4,95.72,Stable,0,New
CPD-2648,internal_test,,61.47,Stable,0,New
CPD-2649,external_test,,6.0,Unstable,1,New
CPD-2650,train,0,120.0,Stable,0,New
CPD-2651,train,1,14.55,Unstable,1,New
CPD-2652,train,4,120.0,Stable,0,New
CPD-2653,train,0,110.62,Stable,0,Old
CPD-2654,external_test,,5.66,Unstable,1,Old
CPD-2655,train,3,3.33,Unstable,1,Old
CPD-2656,train,3,120.0,Stable,0,New
CPD-2657,train,0,120.0,Stable,0,New
CPD-2658,internal_test,,120.0,Stable,0,Old
CPD-2659,train,2,26.48,Unstable,1,New
CPD-2660,train,3,0.847800644,Unstable,1,New
CPD-2661,train,4,120.0,Stable,0,New
CPD-2662,train,1,120.0,Stable,0,New
CPD-2663,train,4,87.7,Stable,0,Old
CPD-2664,train,4,120.0,Stable,0,Old
CPD-2665,train,3,92.62,Stable,0,New
CPD-2666,train,4,120.0,Stable,0,Old
CPD-2667,train,0,120.0,Stable,0,New
CPD-2668,train,3,59.49,Stable,0,Old
CPD-2670,internal_test,,120.0,Stable,0,New
CPD-2671,train,4,79.0,Stable,0,New
CPD-2672,train,0,69.82512464,Stable,0,New
CPD-2673,train,0,120.0,Stable,0,Old
CPD-2674,train,1,120.0,Stable,0,New
CPD-2675,external_test,,110.94,Stable,0,New
CPD-2676,train,4,120.0,Stable,0,New
CPD-2677,train,4,120.0,Stable,0,New
CPD-2678,train,3,120.0,Stable,0,New
CPD-2679,train,2,120.0,Stable,0,New
CPD-2680,train,2,120.0,Stable,0,Old
CPD-2681,train,0,12.77,Unstable,1,Old
CPD-2682,train,3,120.0,Stable,0,New
CPD-2683,external_test,,90.8,Stable,0,New
CPD-2684,train,0,76.43007053,Stable,0,New
CPD-2685,train,0,120.0,Stable,0,Old
CPD-2686,internal_test,,120.0,Stable,0,New
CPD-2687,train,4,120.0,Stable,0,New
CPD-2688,train,1,1.48,Unstable,1,Old
CPD-2689,train,3,66.51,Stable,0,Old
CPD-2690,external_test,,120.0,Stable,0,Old
CPD-2691,train,1,120.0,Stable,0,New
CPD-2692,train,3,120.0,Stable,0,New
CPD-2693,internal_test,,120.0,Stable,0,New
CPD-2694,train,1,64.84,Stable,0,Old
CPD-2695,train,0,102.5,Stable,0,Old
CPD-2696,train,4,85.75,Stable,0,Old
CPD-2698,train,4,120.0,Stable,0,Old
CPD-2699,train,1,120.0,Stable,0,New
CPD-2700,train,0,120.0,Stable,0,Old
CPD-2701,train,1,120.0,Stable,0,Old
CPD-2702,train,3,120.0,Stable,0,Old
CPD-2703,train,1,16.95,Unstable,1,Old
CPD-2704,train,2,84.82,Stable,0,New
CPD-2705,train,0,93.98,Stable,0,New
CPD-2706,train,1,120.0,Stable,0,New
CPD-2707,train,4,120.0,Stable,0,New
CPD-2708,external_test,,120.0,Stable,0,New
CPD-2709,train,0,120.0,Stable,0,Old
CPD-2710,train,4,120.0,Stable,0,Old
CPD-2711,train,2,101.65,Stable,0,Old
CPD-2712,train,3,120.0,Stable,0,Old
CPD-2713,train,4,120.0,Stable,0,Old
CPD-2714,train,2,2.97,Unstable,1,Old
CPD-2715,train,2,20.6,Unstable,1,Old
CPD-2716,internal_test,,120.0,Stable,0,New
CPD-2717,train,0,120.0,Stable,0,Old
CPD-2718,internal_test,,120.0,Stable,0,Old
CPD-2719,train,2,21.03,Unstable,1,New
CPD-2721,train,2,98.09,Stable,0,Old
CPD-2722,train,1,10.51,Unstable,1,Old
CPD-2723,train,1,9.42,Unstable,1,New
CPD-2724,train,1,120.0,Stable,0,New
CPD-2725,train,3,81.5,Stable,0,Old
CPD-2726,train,4,25.23301203,Unstable,1,New
CPD-2727,internal_test,,29.41,Unstable,1,Old
CPD-2728,train,2,60.59,Stable,0,New
CPD-2729,train,0,120.0,Stable,0,New
CPD-2730,train,3,120.0,Stable,0,Old
CPD-2731,train,2,94.34,Stable,0,New
CPD-2732,external_test,,120.0,Stable,0,Old
CPD-2733,internal_test,,108.29,Stable,0,Old
CPD-2734,train,1,120.0,Stable,0,New
CPD-2735,train,0,1.2,Unstable,1,Old
CPD-2736,train,3,58.94,Stable,0,Old
CPD-2737,train,0,120.0,Stable,0,New
CPD-2738,train,0,120.0,Stable,0,New
CPD-2739,train,3,120.0,Stable,0,Old
CPD-2740,train,1,120.0,Stable,0,New
CPD-2741,train,4,67.6,Stable,0,New
CPD-2742,train,1,120.0,Stable,0,Old
CPD-2743,external_test,,120.0,Stable,0,New
CPD-2744,train,2,56.67,Stable,0,Old
CPD-2745,train,3,73.95,Stable,0,Old
CPD-2746,train,1,91.1,Stable,0,New
CPD-2747,train,1,29.45,Unstable,1,Old
CPD-2748,train,3,74.08,Stable,0,Old
CPD-2749,train,4,18.95,Unstable,1,Old
CPD-2750,internal_test,,33.05,Stable,0,New
CPD-2751,train,4,120.0,Stable,0,New
CPD-2752,train,4,120.0,Stable,0,Old
CPD-2753,train,0,114.83,Stable,0,New
CPD-2754,external_test,,120.0,Stable,0,New
CPD-2755,train,4,120.0,Stable,0,New
CPD-2756,train,0,120.0,Stable,0,Old
CPD-2757,external_test,,20.58,Unstable,1,Old
CPD-2758,train,0,59.39040948,Stable,0,New
CPD-2759,train,1,8.52,Unstable,1,Old
CPD-2760,train,3,63.28,Stable,0,Old
CPD-2761,train,1,120.0,Stable,0,New
CPD-2762,internal_test,,120.0,Stable,0,New
CPD-2764,internal_test,,120.0,Stable,0,Old
CPD-2765,train,4,120.0,Stable,0,New
CPD-2766,internal_test,,36.75,Stable,0,New
CPD-2768,train,4,97.49,Stable,0,New
CPD-2769,train,0,120.0,Stable,0,New
CPD-2770,external_test,,37.32,Stable,0,New
CPD-2771,external_test,,120.0,Stable,0,New
CPD-2772,train,3,19.24,Unstable,1,Old
CPD-2773,train,2,76.2,Stable,0,New
CPD-2774,train,4,120.0,Stable,0,New
CPD-2775,train,2,120.0,Stable,0,New
CPD-2776,internal_test,,64.56,Stable,0,Old
CPD-2777,train,2,120.0,Stable,0,New
CPD-2778,train,4,25.05,Unstable,1,New
CPD-2779,train,3,25.38,Unstable,1,New
CPD-2780,train,1,110.59,Stable,0,New
CPD-2781,train,3,120.0,Stable,0,New
CPD-2782,train,4,1.257879839,Unstable,1,New
CPD-2784,train,0,87.2,Stable,0,New
CPD-2785,internal_test,,105.75,Stable,0,New
CPD-2786,train,0,120.0,Stable,0,Old
CPD-2787,train,4,19.07,Unstable,1,Old
CPD-2788,train,3,120.0,Stable,0,Old
CPD-2790,train,4,120.0,Stable,0,New
CPD-2791,train,4,120.0,Stable,0,New
CPD-2792,train,1,120.0,Stable,0,New
CPD-2793,train,1,54.96,Stable,0,New
CPD-2794,train,1,120.0,Stable,0,New
CPD-2795,train,1,39.2,Stable,0,Old
CPD-2796,train,2,1.22,Unstable,1,Old
CPD-2797,train,1,11.53,Unstable,1,Old
CPD-2798,train,4,120.0,Stable,0,New
CPD-2799,train,0,120.0,Stable,0,Old
CPD-2801,train,1,120.0,Stable,0,Old
CPD-2802,train,4,120.0,Stable,0,New
CPD-2803,train,3,120.0,Stable,0,New
CPD-2804,train,0,120.0,Stable,0,New
CPD-2805,internal_test,,120.0,Stable,0,New
CPD-2806,train,0,48.29,Stable,0,Old
CPD-2807,train,0,4.5,Unstable,1,New
CPD-2808,train,0,120.0,Stable,0,New
CPD-2809,train,1,120.0,Stable,0,New
CPD-2810,internal_test,,19.07,Unstable,1,Old
CPD-2811,internal_test,,69.89,Stable,0,New
CPD-2812,train,1,120.0,Stable,0,New
CPD-2813,train,4,104.34,Stable,0,New
CPD-2814,train,2,120.0,Stable,0,New
CPD-2815,internal_test,,120.0,Stable,0,Old
CPD-2816,train,1,120.0,Stable,0,Old
CPD-2817,train,2,120.0,Stable,0,New
CPD-2818,train,3,31.28,Stable,0,Old
CPD-2819,internal_test,,120.0,Stable,0,New
CPD-2820,external_test,,120.0,Stable,0,New
CPD-2821,train,0,120.0,Stable,0,New
CPD-2822,train,0,120.0,Stable,0,New
CPD-2823,train,1,2.48,Unstable,1,Old
CPD-2824,train,1,3.12,Unstable,1,Old
CPD-2825,train,1,120.0,Stable,0,New
CPD-2826,train,4,120.0,Stable,0,Old
CPD-2827,train,2,120.0,Stable,0,New
CPD-2828,train,0,80.46,Stable,0,New
CPD-2829,external_test,,4.63,Unstable,1,Old
CPD-2831,train,0,120.0,Stable,0,New
CPD-2832,external_test,,120.0,Stable,0,New
CPD-2833,train,3,86.61,Stable,0,New
CPD-2834,train,1,120.0,Stable,0,Old
CPD-2835,train,4,120.0,Stable,0,New
CPD-2836,external_test,,120.0,Stable,0,New
CPD-2837,external_test,,120.0,Stable,0,New
CPD-2838,train,2,120.0,Stable,0,New
CPD-2839,train,0,65.62,Stable,0,Old
CPD-2840,train,0,120.0,Stable,0,Old
CPD-2842,train,4,104.6896697,Stable,0,New
CPD-2843,train,2,120.0,Stable,0,New
CPD-2844,train,4,120.0,Stable,0,New
CPD-2845,train,1,3.99,Unstable,1,Old
CPD-2846,train,4,108.53,Stable,0,Old
CPD-2847,train,2,100.84,Stable,0,New
CPD-2848,train,3,120.0,Stable,0,New
CPD-2849,train,4,97.15,Stable,0,New
CPD-2850,train,1,120.0,Stable,0,Old
CPD-2851,train,3,46.3,Stable,0,New
CPD-2852,train,1,120.0,Stable,0,New
CPD-2853,train,2,99.42,Stable,0,Old
CPD-2854,train,0,120.0,Stable,0,New
CPD-2855,train,1,120.0,Stable,0,Old
CPD-2856,train,2,71.76,Stable,0,New
CPD-2857,internal_test,,120.0,Stable,0,New
CPD-2858,train,0,120.0,Stable,0,Old
CPD-2859,train,1,120.0,Stable,0,Old
CPD-2860,train,3,61.56,Stable,0,Old
CPD-2861,train,0,120.0,Stable,0,New
CPD-2862,train,1,18.23,Unstable,1,Old
CPD-2863,train,4,120.0,Stable,0,Old
CPD-2864,external_test,,120.0,Stable,0,New
CPD-2865,external_test,,120.0,Stable,0,New
CPD-2866,train,1,120.0,Stable,0,New
CPD-2867,train,2,120.0,Stable,0,New
CPD-2868,train,2,102.2,Stable,0,New
CPD-2869,train,4,120.0,Stable,0,New
CPD-2870,train,4,120.0,Stable,0,Old
CPD-2871,train,1,120.0,Stable,0,Old
CPD-2872,train,2,3.46,Unstable,1,Old
CPD-2873,train,2,120.0,Stable,0,New
CPD-2874,train,0,84.02,Stable,0,New
CPD-2875,train,3,120.0,Stable,0,Old
CPD-2876,train,4,11.93,Unstable,1,Old
CPD-2877,internal_test,,120.0,Stable,0,New
CPD-2878,train,1,12.94,Unstable,1,Old
CPD-2879,train,4,48.09,Stable,0,New
CPD-2880,train,3,37.27,Stable,0,Old
CPD-2881,train,3,92.34,Stable,0,New
CPD-2882,external_test,,111.88,Stable,0,New
CPD-2883,train,1,120.0,Stable,0,Old
CPD-2884,train,3,120.0,Stable,0,New
CPD-2885,train,0,120.0,Stable,0,New
CPD-2886,train,2,61.14,Stable,0,Old
CPD-2887,external_test,,120.0,Stable,0,Old
CPD-2888,train,4,38.68,Stable,0,Old
CPD-2889,internal_test,,80.99,Stable,0,New
CPD-2890,train,3,120.0,Stable,0,Old
CPD-2891,train,4,23.67,Unstable,1,Old
CPD-2892,external_test,,99.88888454,Stable,0,New
CPD-2893,train,2,107.8,Stable,0,New
CPD-2895,train,4,65.38,Stable,0,Old
CPD-2896,internal_test,,105.53,Stable,0,New
CPD-2897,external_test,,105.08,Stable,0,New
CPD-2898,train,3,6.94,Unstable,1,New
CPD-2899,train,1,55.82,Stable,0,New
CPD-2900,train,4,120.0,Stable,0,New
CPD-2901,train,2,120.0,Stable,0,New
CPD-2902,train,0,86.04,Stable,0,Old
CPD-2903,external_test,,120.0,Stable,0,New
CPD-2904,train,2,118.81,Stable,0,New
CPD-2905,train,1,120.0,Stable,0,New
CPD-2906,train,0,120.0,Stable,0,Old
CPD-2907,train,2,120.0,Stable,0,New
CPD-2908,train,3,120.0,Stable,0,New
CPD-2909,train,1,120.0,Stable,0,New
CPD-2910,train,1,6.42,Unstable,1,Old
CPD-2911,internal_test,,120.0,Stable,0,Old
CPD-2912,train,1,120.0,Stable,0,New
CPD-2913,train,2,95.27,Stable,0,New
CPD-2914,train,3,120.0,Stable,0,New
CPD-2915,train,4,63.4,Stable,0,Old
CPD-2916,train,2,120.0,Stable,0,New
CPD-2917,train,3,120.0,Stable,0,New
CPD-2918,train,3,98.09,Stable,0,Old
CPD-2919,train,3,100.92,Stable,0,New
CPD-2920,train,2,11.97,Unstable,1,Old
CPD-2923,train,1,71.47,Stable,0,Old
CPD-2924,train,3,120.0,Stable,0,New
CPD-2925,train,0,96.58,Stable,0,Old
CPD-2927,train,4,120.0,Stable,0,Old
CPD-2928,train,0,120.0,Stable,0,Old
CPD-2929,train,4,120.0,Stable,0,Old
CPD-2930,train,1,120.0,Stable,0,Old
CPD-2931,train,2,120.0,Stable,0,New
CPD-2932,train,4,101.41,Stable,0,New
CPD-2933,train,2,120.0,Stable,0,Old
CPD-2934,train,1,120.0,Stable,0,New
CPD-2935,train,4,99.51,Stable,0,Old
CPD-2936,external_test,,120.0,Stable,0,New
CPD-2937,internal_test,,120.0,Stable,0,Old
CPD-2938,train,4,9.69,Unstable,1,Old
CPD-2939,train,3,120.0,Stable,0,Old
CPD-2940,train,4,120.0,Stable,0,New
CPD-2941,train,3,120.0,Stable,0,Old
CPD-2942,train,4,120.0,Stable,0,New
CPD-2943,internal_test,,120.0,Stable,0,New
CPD-2946,train,2,120.0,Stable,0,Old
CPD-2947,train,0,120.0,Stable,0,New
CPD-2948,train,3,105.33,Stable,0,New
CPD-2949,train,1,114.1,Stable,0,Old
CPD-2950,train,2,120.0,Stable,0,New
CPD-2951,external_test,,120.0,Stable,0,New
CPD-2952,train,1,120.0,Stable,0,Old
CPD-2953,train,3,88.92,Stable,0,Old
CPD-2954,train,0,120.0,Stable,0,New
CPD-2955,train,0,40.93,Stable,0,Old
CPD-2956,train,4,118.09,Stable,0,New
CPD-2957,train,4,69.81,Stable,0,Old
CPD-2958,train,4,11.36,Unstable,1,Old
CPD-2959,train,2,120.0,Stable,0,New
CPD-2960,train,0,120.0,Stable,0,Old
CPD-2961,train,3,27.28,Unstable,1,Old
CPD-2962,train,4,108.59,Stable,0,New
CPD-2963,train,1,120.0,Stable,0,New
CPD-2964,train,0,120.0,Stable,0,New
CPD-2965,train,0,120.0,Stable,0,New
CPD-2966,train,1,80.68,Stable,0,New
CPD-2967,train,1,23.11,Unstable,1,Old
CPD-2968,train,4,120.0,Stable,0,Old
CPD-2969,train,4,120.0,Stable,0,New
CPD-2970,train,2,2.96,Unstable,1,Old
CPD-2971,train,3,63.62,Stable,0,New
CPD-2972,train,1,62.5,Stable,0,Old
CPD-2973,external_test,,2.54,Unstable,1,Old
CPD-2974,train,1,120.0,Stable,0,New
CPD-2975,internal_test,,120.0,Stable,0,New
CPD-2976,external_test,,108.04,Stable,0,Old
CPD-2977,internal_test,,72.82,Stable,0,New
CPD-2978,train,3,90.75,Stable,0,Old
CPD-2979,train,4,120.0,Stable,0,Old
CPD-2981,train,1,120.0,Stable,0,Old
CPD-2982,train,1,45.0,Stable,0,Old
CPD-2983,train,0,120.0,Stable,0,New
CPD-2985,train,4,120.0,Stable,0,New
CPD-2986,train,2,120.0,Stable,0,New
CPD-2987,train,1,13.18,Unstable,1,Old
CPD-2988,train,3,120.0,Stable,0,New
CPD-2989,train,0,120.0,Stable,0,Old
CPD-2990,train,4,72.92,Stable,0,New
CPD-2991,internal_test,,108.74,Stable,0,Old
CPD-2992,train,4,120.0,Stable,0,New
CPD-2993,internal_test,,120.0,Stable,0,New
CPD-2994,train,1,120.0,Stable,0,Old
CPD-2995,train,3,51.44,Stable,0,Old
CPD-2996,train,3,8.39,Unstable,1,Old
CPD-2997,train,2,120.0,Stable,0,New
CPD-2998,train,1,120.0,Stable,0,New
CPD-2999,train,2,6.17,Unstable,1,Old
CPD-3000,train,3,120.0,Stable,0,Old
CPD-3001,train,4,120.0,Stable,0,New
CPD-3002,train,3,120.0,Stable,0,New
CPD-3003,train,4,120.0,Stable,0,New
CPD-3004,train,1,9.2,Unstable,1,Old
CPD-3005,train,0,120.0,Stable,0,New
CPD-3006,train,2,120.0,Stable,0,New
CPD-3007,internal_test,,11.24035157,Unstable,1,New
CPD-3008,train,2,120.0,Stable,0,Old
CPD-3009,train,1,120.0,Stable,0,New
CPD-3010,train,1,120.0,Stable,0,New
CPD-3011,external_test,,1.522523504,Unstable,1,New
CPD-3012,train,1,120.0,Stable,0,New
CPD-3013,train,1,120.0,Stable,0,New
CPD-3014,train,0,120.0,Stable,0,Old
CPD-3015,train,4,65.67065522,Stable,0,New
CPD-3016,internal_test,,2.77,Unstable,1,New
CPD-3017,internal_test,,120.0,Stable,0,New
CPD-3018,train,2,120.0,Stable,0,New
CPD-3019,train,1,120.0,Stable,0,New
CPD-3020,internal_test,,48.76,Stable,0,New
CPD-3021,internal_test,,81.66,Stable,0,New
CPD-3022,train,3,0.961496203,Unstable,1,New
CPD-3023,train,0,93.53,Stable,0,Old
CPD-3024,train,0,120.0,Stable,0,New
CPD-3025,train,1,120.0,Stable,0,New
CPD-3026,train,2,42.35,Stable,0,Old
CPD-3027,train,2,120.0,Stable,0,New
CPD-3028,train,2,120.0,Stable,0,Old
CPD-3029,train,4,101.1978502,Stable,0,New
CPD-3031,train,3,62.19,Stable,0,New
CPD-3032,train,0,109.86,Stable,0,Old
CPD-3033,train,1,10.41,Unstable,1,Old
CPD-3034,train,2,120.0,Stable,0,Old
CPD-3035,internal_test,,113.49,Stable,0,New
CPD-3036,train,2,119.23,Stable,0,Old
CPD-3037,internal_test,,120.0,Stable,0,Old
CPD-3038,internal_test,,48.31282349,Stable,0,New
CPD-3039,train,0,107.71,Stable,0,New
CPD-3040,train,1,9.43,Unstable,1,Old
CPD-3041,train,1,114.0131732,Stable,0,New
CPD-3042,train,3,120.0,Stable,0,New
CPD-3043,train,1,120.0,Stable,0,Old
CPD-3044,external_test,,108.86,Stable,0,New
CPD-3045,train,1,120.0,Stable,0,Old
CPD-3046,train,1,120.0,Stable,0,New
CPD-3047,train,0,120.0,Stable,0,Old
CPD-3048,train,4,109.93,Stable,0,Old
CPD-3049,train,3,8.1,Unstable,1,Old
CPD-3050,train,4,120.0,Stable,0,New
CPD-3052,train,3,14.67,Unstable,1,Old
CPD-3053,train,0,120.0,Stable,0,New
CPD-3054,train,4,120.0,Stable,0,New
CPD-3055,train,1,32.1,Stable,0,Old
CPD-3056,train,3,62.95,Stable,0,Old
CPD-3057,train,2,120.0,Stable,0,New
CPD-3058,train,3,120.0,Stable,0,New
CPD-3059,train,4,112.74,Stable,0,New
CPD-3060,train,4,120.0,Stable,0,New
CPD-3061,train,2,120.0,Stable,0,New
CPD-3062,train,1,99.84,Stable,0,New
CPD-3063,train,0,120.0,Stable,0,New
CPD-3064,internal_test,,120.0,Stable,0,New
CPD-3065,external_test,,75.15,Stable,0,New
CPD-3066,train,0,105.22,Stable,0,Old
CPD-3067,train,0,120.0,Stable,0,New
CPD-3068,train,0,120.0,Stable,0,New
CPD-3069,external_test,,2.04,Unstable,1,Old
CPD-3070,train,1,94.73,Stable,0,Old
CPD-3071,internal_test,,120.0,Stable,0,Old
CPD-3072,train,0,11.31,Unstable,1,Old
CPD-3073,train,1,120.0,Stable,0,New
CPD-3074,train,2,120.0,Stable,0,Old
