compound_id,split,cv_fold,half_life_min,class,binary_class,data_source
CPD-0001,train,4,73.1,Stable,0,Old
CPD-0002,train,2,120.0,Stable,0,Old
CPD-0003,external_test,,65.73,Stable,0,New
CPD-0004,train,1,51.83,Stable,0,Old
CPD-0005,train,3,120.0,Stable,0,New
CPD-0006,train,1,116.93,Stable,0,Old
CPD-0007,train,2,120.0,Stable,0,New
CPD-0008,train,0,120.0,Stable,0,Old
CPD-0009,external_test,,67.59,Stable,0,Old
CPD-0010,train,0,120.0,Stable,0,Old
CPD-0011,train,2,120.0,Stable,0,Old
CPD-0012,external_test,,111.06,Stable,0,New
CPD-0014,train,3,91.39,Stable,0,New
CPD-0016,train,4,56.1,Stable,0,Old
CPD-0017,train,1,15.6,Unstable,1,Old
CPD-0018,train,0,120.0,Stable,0,Old
CPD-0019,internal_test,,103.15,Stable,0,New
CPD-0020,train,0,53.63,Stable,0,New
CPD-0021,train,2,120.0,Stable,0,Old
CPD-0022,train,2,119.57,Stable,0,Old
CPD-0023,train,3,120.0,Stable,0,New
CPD-0024,train,4,12.33,Unstable,1,Old
CPD-0026,train,2,120.0,Stable,0,New
CPD-0027,train,0,120.0,Stable,0,Old
CPD-0028,external_test,,120.0,Stable,0,New
CPD-0029,train,0,120.0,Stable,0,New
CPD-0030,train,4,111.0,Stable,0,New
CPD-0031,train,1,119.96,Stable,0,Old
CPD-0032,train,3,120.0,Stable,0,New
CPD-0033,train,2,120.0,Stable,0,New
CPD-0034,external_test,,6.83,Unstable,1,New
CPD-0035,train,4,120.0,Stable,0,New
CPD-0036,train,1,120.0,Stable,0,New
CPD-0037,train,1,120.0,Stable,0,New
CPD-0038,train,1,120.0,Stable,0,New
CPD-0039,internal_test,,120.0,Stable,0,Old
CPD-0040,train,3,106.65,Stable,0,Old
CPD-0041,train,0,14.01,Unstable,1,Old
CPD-0042,train,2,41.38,Stable,0,New
CPD-0043,train,4,120.0,Stable,0,New
CPD-0044,internal_test,,120.0,Stable,0,Old
CPD-0045,train,2,105.1,Stable,0,New
CPD-0046,train,0,120.0,Stable,0,New
CPD-0047,train,3,110.96,Stable,0,Old
CPD-0048,train,0,12.69,Unstable,1,Old
CPD-0049,train,3,120.0,Stable,0,Old
CPD-0050,train,0,120.0,Stable,0,Old
CPD-0051,train,1,120.0,Stable,0,New
CPD-0053,train,0,111.35,Stable,0,New
CPD-0055,train,3,120.0,Stable,0,New
CPD-0056,internal_test,,51.62,Stable,0,New
CPD-0057,train,1,120.0,Stable,0,Old
CPD-0058,train,3,120.0,Stable,0,New
CPD-0059,train,0,117.75,Stable,0,New
CPD-0060,train,1,120.0,Stable,0,New
CPD-0061,train,3,120.0,Stable,0,New
CPD-0062,train,2,120.0,Stable,0,New
CPD-0063,train,4,120.0,Stable,0,New
CPD-0064,train,4,120.0,Stable,0,New
CPD-0065,train,4,100.82,Stable,0,Old
CPD-0066,train,2,120.0,Stable,0,New
CPD-0067,train,3,117.09,Stable,0,New
CPD-0068,train,2,72.67,Stable,0,Old
CPD-0069,internal_test,,120.0,Stable,0,New
CPD-0070,internal_test,,120.0,Stable,0,Old
CPD-0071,train,0,120.0,Stable,0,Old
CPD-0072,train,1,120.0,Stable,0,Old
CPD-0073,train,1,0.54,Unstable,1,New
CPD-0074,train,1,120.0,Stable,0,Old
CPD-0075,train,2,120.0,Stable,0,New
CPD-0077,train,1,92.78,Stable,0,Old
CPD-0078,train,2,120.0,Stable,0,New
CPD-0079,train,1,120.0,Stable,0,Old
CPD-0080,train,4,120.0,Stable,0,New
CPD-0081,internal_test,,120.0,Stable,0,Old
CPD-0083,internal_test,,120.0,Stable,0,New
CPD-0084,train,2,79.23,Stable,0,Old
CPD-0085,train,1,120.0,Stable,0,Old
CPD-0086,train,0,80.2,Stable,0,Old
CPD-0087,external_test,,111.9608507,Stable,0,New
CPD-0088,external_test,,120.0,Stable,0,New
CPD-0089,train,4,120.0,Stable,0,New
CPD-0090,train,4,120.0,Stable,0,New
CPD-0092,train,2,120.0,Stable,0,New
CPD-0093,train,4,120.0,Stable,0,Old
CPD-0094,train,4,82.6,Stable,0,Old
CPD-0095,train,4,47.51,Stable,0,Old
CPD-0096,train,3,120.0,Stable,0,New
CPD-0097,train,2,120.0,Stable,0,New
CPD-0098,internal_test,,120.0,Stable,0,New
CPD-0099,train,3,105.95,Stable,0,Old
CPD-0100,train,4,120.0,Stable,0,New
CPD-0101,train,2,120.0,Stable,0,Old
CPD-0102,train,3,14.72,Unstable,1,New
CPD-0103,train,3,120.0,Stable,0,New
CPD-0104,train,2,120.0,Stable,0,New
CPD-0105,train,0,78.68,Stable,0,Old
CPD-0106,train,2,13.74,Unstable,1,New
CPD-0107,internal_test,,120.0,Stable,0,New
CPD-0108,train,3,120.0,Stable,0,New
CPD-0109,train,4,120.0,Stable,0,New
CPD-0110,train,3,120.0,Stable,0,Old
CPD-0111,train,1,120.0,Stable,0,Old
CPD-0112,train,3,21.35,Unstable,1,Old
CPD-0113,external_test,,120.0,Stable,0,Old
CPD-0114,train,2,120.0,Stable,0,Old
CPD-0116,train,1,16.17,Unstable,1,New
CPD-0117,train,3,25.08,Unstable,1,Old
CPD-0118,internal_test,,120.0,Stable,0,Old
CPD-0119,train,1,120.0,Stable,0,New
CPD-0120,train,4,120.0,Stable,0,New
CPD-0121,internal_test,,120.0,Stable,0,New
CPD-0122,train,2,120.0,Stable,0,New
CPD-0124,train,1,120.0,Stable,0,New
CPD-0125,train,4,120.0,Stable,0,New
CPD-0127,external_test,,11.61,Unstable,1,Old
CPD-0128,external_test,,120.0,Stable,0,New
CPD-0129,train,3,120.0,Stable,0,Old
CPD-0130,train,4,9.69,Unstable,1,Old
CPD-0131,train,3,120.0,Stable,0,New
CPD-0132,train,0,120.0,Stable,0,Old
CPD-0133,train,1,25.1,Unstable,1,New
CPD-0134,train,4,10.87697943,Unstable,1,New
CPD-0135,external_test,,27.92,Unstable,1,New
CPD-0136,train,4,93.37,Stable,0,Old
CPD-0138,train,1,120.0,Stable,0,New
CPD-0140,internal_test,,103.67,Stable,0,New
CPD-0141,train,4,63.37,Stable,0,Old
CPD-0142,train,1,88.36,Stable,0,Old
CPD-0143,train,1,76.23,Stable,0,Old
CPD-0144,train,0,120.0,Stable,0,Old
CPD-0145,train,1,92.93,Stable,0,Old
CPD-0146,train,3,28.41966493,Unstable,1,New
CPD-0148,external_test,,114.74,Stable,0,New
CPD-0149,external_test,,64.0,Stable,0,New
CPD-0150,train,2,120.0,Stable,0,New
CPD-0151,external_test,,120.0,Stable,0,New
CPD-0152,train,1,120.0,Stable,0,Old
CPD-0153,train,4,115.5,Stable,0,Old
CPD-0154,train,4,34.76372335,Stable,0,New
CPD-0155,train,0,101.45,Stable,0,Old
CPD-0156,train,4,120.0,Stable,0,Old
CPD-0157,train,1,120.0,Stable,0,New
CPD-0158,train,4,120.0,Stable,0,New
CPD-0159,train,1,120.0,Stable,0,New
CPD-0160,train,3,120.0,Stable,0,New
CPD-0161,train,3,109.88,Stable,0,New
CPD-0162,internal_test,,120.0,Stable,0,Old
CPD-0163,train,2,92.96,Stable,0,New
CPD-0164,train,4,120.0,Stable,0,Old
CPD-0165,train,3,120.0,Stable,0,Old
CPD-0166,train,0,120.0,Stable,0,Old
CPD-0167,train,0,120.0,Stable,0,New
CPD-0168,external_test,,120.0,Stable,0,Old
CPD-0169,train,3,120.0,Stable,0,New
CPD-0171,train,1,120.0,Stable,0,Old
CPD-0172,train,4,44.75142645,Stable,0,New
CPD-0174,train,1,9.71,Unstable,1,Old
CPD-0175,train,2,116.73,Stable,0,Old
CPD-0176,external_test,,120.0,Stable,0,Old
CPD-0177,train,2,120.0,Stable,0,New
CPD-0178,train,2,120.0,Stable,0,New
CPD-0179,train,1,120.0,Stable,0,Old
CPD-0180,internal_test,,103.49,Stable,0,Old
CPD-0181,train,3,120.0,Stable,0,New
CPD-0182,train,0,120.0,Stable,0,Old
CPD-0183,external_test,,11.36,Unstable,1,New
CPD-0184,train,3,120.0,Stable,0,New
CPD-0185,train,3,120.0,Stable,0,New
CPD-0186,train,3,120.0,Stable,0,New
CPD-0188,external_test,,120.0,Stable,0,New
CPD-0189,train,4,120.0,Stable,0,New
CPD-0190,train,4,87.91,Stable,0,Old
CPD-0191,train,4,120.0,Stable,0,Old
CPD-0192,train,1,120.0,Stable,0,New
CPD-0193,train,1,120.0,Stable,0,New
CPD-0194,external_test,,120.0,Stable,0,Old
CPD-0195,internal_test,,120.0,Stable,0,New
CPD-0196,internal_test,,17.56,Unstable,1,Old
CPD-0197,external_test,,120.0,Stable,0,Old
CPD-0198,internal_test,,57.88,Stable,0,New
CPD-0199,train,1,7.72,Unstable,1,New
CPD-0200,train,1,120.0,Stable,0,New
CPD-0201,train,2,76.7,Stable,0,Old
CPD-0202,train,1,69.45,Stable,0,Old
CPD-0203,external_test,,11.13,Unstable,1,New
CPD-0204,train,1,81.35,Stable,0,New
CPD-0205,internal_test,,120.0,Stable,0,New
CPD-0207,train,3,120.0,Stable,0,New
CPD-0208,train,1,120.0,Stable,0,New
CPD-0209,train,2,120.0,Stable,0,New
CPD-0210,train,0,120.0,Stable,0,New
CPD-0211,train,4,102.68,Stable,0,Old
CPD-0212,train,1,13.65,Unstable,1,New
CPD-0214,train,0,120.0,Stable,0,Old
CPD-0215,train,3,120.0,Stable,0,Old
CPD-0216,train,3,97.75,Stable,0,New
CPD-0218,train,1,120.0,Stable,0,New
CPD-0219,train,2,120.0,Stable,0,Old
CPD-0220,train,2,120.0,Stable,0,New
CPD-0221,train,2,62.28,Stable,0,New
CPD-0222,train,1,85.58,Stable,0,Old
CPD-0223,train,1,120.0,Stable,0,Old
CPD-0224,train,4,74.75,Stable,0,Old
CPD-0225,train,4,120.0,Stable,0,Old
CPD-0226,train,4,120.0,Stable,0,Old
CPD-0227,train,4,120.0,Stable,0,New
CPD-0228,train,0,120.0,Stable,0,New
CPD-0229,train,4,100.57,Stable,0,Old
CPD-0230,train,2,98.73947143,Stable,0,New
CPD-0231,external_test,,116.94,Stable,0,New
CPD-0232,internal_test,,120.0,Stable,0,New
CPD-0234,train,1,120.0,Stable,0,Old
CPD-0235,internal_test,,97.54,Stable,0,New
CPD-0236,external_test,,18.06742649,Unstable,1,New
CPD-0237,train,2,79.21,Stable,0,New
CPD-0238,internal_test,,70.08,Stable,0,Old
CPD-0239,train,0,33.71,Stable,0,New
CPD-0240,train,1,80.43,Stable,0,Old
CPD-0241,train,3,120.0,Stable,0,New
CPD-0242,train,1,82.22,Stable,0,Old
CPD-0243,train,1,120.0,Stable,0,New
CPD-0244,train,2,120.0,Stable,0,New
CPD-0245,train,3,54.32,Stable,0,Old
CPD-0246,train,1,120.0,Stable,0,Old
CPD-0247,external_test,,120.0,Stable,0,New
CPD-0248,train,1,2.7,Unstable,1,Old
CPD-0249,train,1,120.0,Stable,0,New
CPD-0250,external_test,,100.61,Stable,0,New
CPD-0251,train,2,120.0,Stable,0,Old
CPD-0252,train,3,40.85,Stable,0,Old
CPD-0253,external_test,,112.41,Stable,0,Old
CPD-0254,train,2,54.48,Stable,0,Old
CPD-0256,train,3,92.66,Stable,0,Old
CPD-0257,train,3,114.57,Stable,0,Old
CPD-0258,train,3,120.0,Stable,0,Old
CPD-0259,external_test,,75.24,Stable,0,Old
CPD-0260,train,4,120.0,Stable,0,Old
CPD-0261,train,2,120.0,Stable,0,New
CPD-0262,train,4,27.81,Unstable,1,New
CPD-0263,train,0,120.0,Stable,0,New
CPD-0264,train,2,120.0,Stable,0,Old
CPD-0266,train,1,67.95,Stable,0,New
CPD-0268,train,4,88.61,Stable,0,New
CPD-0269,train,1,11.79,Unstable,1,Old
CPD-0270,external_test,,64.11,Stable,0,New
CPD-0271,train,3,120.0,Stable,0,Old
CPD-0272,train,2,120.0,Stable,0,New
CPD-0273,train,4,120.0,Stable,0,New
CPD-0274,external_test,,70.05,Stable,0,Old
CPD-0275,train,2,118.59,Stable,0,New
CPD-0276,train,4,120.0,Stable,0,Old
CPD-0277,external_test,,98.46,Stable,0,New
CPD-0278,train,2,110.06,Stable,0,Old
CPD-0279,train,4,120.0,Stable,0,Old
CPD-0280,train,0,99.41,Stable,0,Old
CPD-0281,train,3,120.0,Stable,0,New
CPD-0282,train,4,120.0,Stable,0,New
CPD-0283,train,1,120.0,Stable,0,Old
CPD-0284,train,2,96.25,Stable,0,New
CPD-0285,train,2,110.0,Stable,0,New
CPD-0286,train,4,90.17,Stable,0,New
CPD-0288,train,1,43.09,Stable,0,New
CPD-0289,internal_test,,120.0,Stable,0,Old
CPD-0290,external_test,,120.0,Stable,0,Old
CPD-0291,train,1,120.0,Stable,0,Old
CPD-0292,train,4,120.0,Stable,0,New
CPD-0293,train,4,120.0,Stable,0,Old
CPD-0294,train,3,120.0,Stable,0,New
CPD-0295,train,1,120.0,Stable,0,Old
CPD-0296,train,0,120.0,Stable,0,New
CPD-0297,train,0,120.0,Stable,0,New
CPD-0298,external_test,,66.63,Stable,0,Old
CPD-0299,train,4,120.0,Stable,0,Old
CPD-0301,train,4,120.0,Stable,0,New
CPD-0302,internal_test,,101.68,Stable,0,Old
CPD-0303,train,3,120.0,Stable,0,New
CPD-0304,train,2,118.82,Stable,0,Old
CPD-0305,train,2,27.67,Unstable,1,Old
CPD-0306,train,2,120.0,Stable,0,Old
CPD-0307,external_test,,98.19164752,Stable,0,New
CPD-0308,train,0,47.3,Stable,0,New
CPD-0309,train,0,112.9,Stable,0,Old
CPD-0310,train,4,42.61,Stable,0,New
CPD-0311,train,4,120.0,Stable,0,New
CPD-0312,train,1,46.23,Stable,0,Old
CPD-0313,internal_test,,98.54,Stable,0,Old
CPD-0314,train,2,120.0,Stable,0,New
CPD-0315,train,3,120.0,Stable,0,New
CPD-0316,train,2,113.39,Stable,0,Old
CPD-0317,train,0,120.0,Stable,0,Old
CPD-0319,train,3,7.14,Unstable,1,New
CPD-0320,train,3,85.85,Stable,0,Old
CPD-0321,train,4,58.51352268,Stable,0,New
CPD-0322,train,0,120.0,Stable,0,Old
CPD-0324,train,3,120.0,Stable,0,New
CPD-0325,train,0,116.0,Stable,0,Old
CPD-0326,train,3,120.0,Stable,0,Old
CPD-0327,train,4,120.0,Stable,0,Old
CPD-0328,train,1,112.41,Stable,0,Old
CPD-0329,train,0,120.0,Stable,0,New
CPD-0330,internal_test,,120.0,Stable,0,New
CPD-0331,internal_test,,90.6,Stable,0,New
CPD-0332,train,4,96.61,Stable,0,New
CPD-0333,train,3,120.0,Stable,0,Old
CPD-0334,train,1,102.32,Stable,0,Old
CPD-0335,train,3,40.41,Stable,0,New
CPD-0336,train,0,116.11,Stable,0,Old
CPD-0337,external_test,,120.0,Stable,0,New
CPD-0338,train,2,0.92,Unstable,1,Old
CPD-0339,external_test,,81.35,Stable,0,New
CPD-0340,train,1,120.0,Stable,0,New
CPD-0341,train,3,4.74,Unstable,1,Old
CPD-0342,train,4,120.0,Stable,0,New
CPD-0343,train,1,109.54,Stable,0,Old
CPD-0344,train,3,120.0,Stable,0,Old
CPD-0345,train,1,106.03,Stable,0,Old
CPD-0347,train,2,24.76,Unstable,1,Old
CPD-0348,train,1,105.5,Stable,0,New
CPD-0349,external_test,,120.0,Stable,0,Old
CPD-0350,internal_test,,120.0,Stable,0,Old
CPD-0351,train,3,120.0,Stable,0,Old
CPD-0352,train,3,120.0,Stable,0,New
CPD-0353,train,2,120.0,Stable,0,New
CPD-0354,train,0,23.16,Unstable,1,New
CPD-0355,train,2,85.56,Stable,0,New
CPD-0356,train,4,107.73,Stable,0,New
CPD-0357,internal_test,,12.34878583,Unstable,1,New
CPD-0358,train,0,54.89,Stable,0,New
CPD-0359,train,3,101.23,Stable,0,Old
CPD-0360,train,2,6.85,Unstable,1,Old
CPD-0361,train,3,120.0,Stable,0,New
CPD-0362,train,4,120.0,Stable,0,New
CPD-0363,train,1,120.0,Stable,0,New
CPD-0364,train,1,120.0,Stable,0,Old
CPD-0365,train,2,113.95,Stable,0,Old
CPD-0366,train,3,44.93,Stable,0,Old
CPD-0367,train,0,118.22,Stable,0,Old
CPD-0368,train,3,120.0,Stable,0,New
CPD-0369,train,0,120.0,Stable,0,Old
CPD-0370,train,2,120.0,Stable,0,New
CPD-0371,train,4,120.0,Stable,0,Old
CPD-0372,train,4,120.0,Stable,0,New
CPD-0373,train,0,120.0,Stable,0,New
CPD-0374,train,0,104.36,Stable,0,Old
CPD-0375,external_test,,120.0,Stable,0,New
CPD-0376,train,4,66.02,Stable,0,New
CPD-0377,train,1,18.6,Unstable,1,Old
CPD-0378,train,0,120.0,Stable,0,New
CPD-0379,train,0,34.12,Stable,0,Old
CPD-0380,external_test,,61.62766264,Stable,0,New
CPD-0381,train,4,54.25,Stable,0,Old
CPD-0382,external_test,,120.0,Stable,0,New
CPD-0383,train,3,120.0,Stable,0,New
CPD-0384,internal_test,,4.61,Unstable,1,Old
CPD-0385,train,2,120.0,Stable,0,Old
CPD-0386,train,1,120.0,Stable,0,Old
CPD-0387,train,3,120.0,Stable,0,Old
CPD-0388,train,2,120.0,Stable,0,Old
CPD-0389,internal_test,,120.0,Stable,0,New
CPD-0390,train,0,55.86,Stable,0,New
CPD-0391,external_test,,120.0,Stable,0,New
CPD-0392,train,0,120.0,Stable,0,New
CPD-0393,internal_test,,117.63,Stable,0,Old
CPD-0394,train,1,79.0,Stable,0,Old
CPD-0395,train,3,120.0,Stable,0,New
CPD-0396,train,0,73.0,Stable,0,Old
CPD-0397,internal_test,,120.0,Stable,0,Old
CPD-0398,train,0,120.0,Stable,0,New
CPD-0399,internal_test,,82.41,Stable,0,New
CPD-0400,train,2,81.25,Stable,0,New
CPD-0401,train,2,90.65,Stable,0,Old
CPD-0402,train,1,75.46,Stable,0,New
CPD-0403,train,4,103.5,Stable,0,Old
CPD-0404,train,3,117.0144037,Stable,0,New
CPD-0405,train,3,93.31,Stable,0,New
CPD-0406,train,0,116.33,Stable,0,New
CPD-0407,train,0,120.0,Stable,0,New
CPD-0408,train,1,120.0,Stable,0,New
CPD-0409,external_test,,120.0,Stable,0,Old
CPD-0410,train,1,78.51,Stable,0,Old
CPD-0411,train,1,120.0,Stable,0,Old
CPD-0412,train,1,120.0,Stable,0,New
CPD-0413,train,3,30.52,Stable,0,Old
CPD-0414,train,4,120.0,Stable,0,New
CPD-0415,train,4,120.0,Stable,0,Old
CPD-0416,train,0,120.0,Stable,0,New
CPD-0417,train,3,120.0,Stable,0,New
CPD-0418,train,0,120.0,Stable,0,Old
CPD-0419,internal_test,,120.0,Stable,0,New
CPD-0420,train,2,120.0,Stable,0,New
CPD-0422,train,3,120.0,Stable,0,New
CPD-0423,external_test,,120.0,Stable,0,New
CPD-0424,train,4,120.0,Stable,0,Old
CPD-0425,internal_test,,120.0,Stable,0,Old
CPD-0426,external_test,,120.0,Stable,0,Old
CPD-0427,external_test,,120.0,Stable,0,New
CPD-0428,internal_test,,120.0,Stable,0,New
CPD-0429,train,1,120.0,Stable,0,Old
CPD-0430,train,2,120.0,Stable,0,New
CPD-0431,external_test,,71.62,Stable,0,New
CPD-0432,train,4,120.0,Stable,0,Old
CPD-0433,train,0,120.0,Stable,0,New
CPD-0434,train,3,97.97,Stable,0,New
CPD-0435,train,3,120.0,Stable,0,New
CPD-0436,external_test,,115.0,Stable,0,New
CPD-0437,train,0,120.0,Stable,0,New
CPD-0438,train,0,120.0,Stable,0,Old
CPD-0439,internal_test,,84.63,Stable,0,New
CPD-0440,train,2,120.0,Stable,0,Old
CPD-0441,internal_test,,16.3,Unstable,1,New
CPD-0442,train,0,120.0,Stable,0,New
CPD-0443,internal_test,,120.0,Stable,0,New
CPD-0444,train,0,48.96,Stable,0,Old
CPD-0446,train,3,120.0,Stable,0,Old
CPD-0447,train,2,47.15827137,Stable,0,New
CPD-0448,train,4,3.5,Unstable,1,New
CPD-0449,train,2,120.0,Stable,0,New
CPD-0450,train,3,120.0,Stable,0,New
CPD-0451,train,2,64.96,Stable,0,New
CPD-0452,train,3,13.55,Unstable,1,New
CPD-0453,train,3,120.0,Stable,0,Old
CPD-0454,train,2,18.15,Unstable,1,Old
CPD-0455,train,3,120.0,Stable,0,Old
CPD-0456,train,4,120.0,Stable,0,Old
CPD-0457,train,4,75.21,Stable,0,New
CPD-0458,train,0,120.0,Stable,0,Old
CPD-0459,internal_test,,51.39,Stable,0,New
CPD-0460,internal_test,,120.0,Stable,0,Old
CPD-0461,train,2,120.0,Stable,0,New
CPD-0462,train,0,120.0,Stable,0,New
CPD-0463,train,1,120.0,Stable,0,New
CPD-0464,train,1,120.0,Stable,0,New
CPD-0465,internal_test,,120.0,Stable,0,Old
CPD-0466,train,1,112.52,Stable,0,New
CPD-0468,train,2,100.1,Stable,0,New
CPD-0469,train,3,49.43,Stable,0,New
CPD-0470,train,1,120.0,Stable,0,New
CPD-0471,train,2,61.12,Stable,0,Old
CPD-0472,train,3,120.0,Stable,0,Old
CPD-0473,train,4,119.5324241,Stable,0,New
CPD-0474,train,4,120.0,Stable,0,Old
CPD-0475,train,1,54.95,Stable,0,New
CPD-0476,train,1,75.4,Stable,0,Old
CPD-0477,train,4,28.13,Unstable,1,New
CPD-0478,train,1,120.0,Stable,0,Old
CPD-0479,internal_test,,17.18,Unstable,1,New
CPD-0480,train,1,120.0,Stable,0,Old
CPD-0481,external_test,,120.0,Stable,0,Old
CPD-0483,train,0,120.0,Stable,0,New
CPD-0484,external_test,,60.79,Stable,0,New
CPD-0485,train,2,117.25,Stable,0,New
CPD-0486,train,4,120.0,Stable,0,New
CPD-0487,train,3,13.35,Unstable,1,Old
CPD-0488,train,1,120.0,Stable,0,New
CPD-0489,train,3,98.25,Stable,0,New
CPD-0490,train,0,120.0,Stable,0,Old
CPD-0491,train,3,120.0,Stable,0,New
CPD-0492,train,1,109.29,Stable,0,Old
CPD-0493,train,0,120.0,Stable,0,New
CPD-0494,train,3,120.0,Stable,0,Old
CPD-0495,train,1,120.0,Stable,0,New
CPD-0496,internal_test,,120.0,Stable,0,New
CPD-0497,train,2,120.0,Stable,0,Old
CPD-0498,train,4,20.66,Unstable,1,Old
CPD-0499,train,3,117.28,Stable,0,Old
CPD-0500,train,1,78.6,Stable,0,Old
CPD-0501,train,1,120.0,Stable,0,Old
CPD-0502,train,2,12.13,Unstable,1,New
CPD-0503,train,2,80.85,Stable,0,New
CPD-0504,external_test,,120.0,Stable,0,Old
CPD-0505,train,2,120.0,Stable,0,New
CPD-0506,train,0,120.0,Stable,0,Old
CPD-0508,internal_test,,77.88,Stable,0,New
CPD-0509,external_test,,120.0,Stable,0,New
CPD-0510,train,0,41.26,Stable,0,New
CPD-0511,train,3,120.0,Stable,0,New
CPD-0512,train,0,120.0,Stable,0,Old
CPD-0513,train,2,120.0,Stable,0,Old
CPD-0515,train,1,120.0,Stable,0,New
CPD-0516,train,2,120.0,Stable,0,New
CPD-0517,internal_test,,112.98,Stable,0,Old
CPD-0518,train,3,120.0,Stable,0,New
CPD-0519,train,3,9.66,Unstable,1,Old
CPD-0520,external_test,,120.0,Stable,0,New
CPD-0521,train,4,120.0,Stable,0,New
CPD-0522,train,0,120.0,Stable,0,Old
CPD-0523,train,3,120.0,Stable,0,New
CPD-0524,train,2,120.0,Stable,0,New
CPD-0525,external_test,,120.0,Stable,0,New
CPD-0526,train,0,120.0,Stable,0,New
CPD-0527,train,0,120.0,Stable,0,New
CPD-0528,train,3,100.97,Stable,0,Old
CPD-0529,train,4,41.81,Stable,0,Old
CPD-0531,train,3,120.0,Stable,0,New
CPD-0532,train,3,112.26,Stable,0,New
CPD-0533,train,4,120.0,Stable,0,New
CPD-0534,train,2,120.0,Stable,0,New
CPD-0535,train,0,34.48,Stable,0,Old
CPD-0537,train,1,120.0,Stable,0,New
CPD-0538,train,3,12.89,Unstable,1,Old
CPD-0539,train,1,23.42,Unstable,1,New
CPD-0540,train,0,111.9382343,Stable,0,New
CPD-0541,train,3,120.0,Stable,0,Old
CPD-0542,external_test,,95.91,Stable,0,Old
CPD-0543,train,2,77.41,Stable,0,New
CPD-0544,train,2,63.15,Stable,0,New
CPD-0545,train,3,94.22,Stable,0,Old
CPD-0546,train,1,44.56,Stable,0,Old
CPD-0547,train,4,120.0,Stable,0,Old
CPD-0548,external_test,,81.85,Stable,0,New
CPD-0549,train,1,120.0,Stable,0,New
CPD-0550,train,3,120.0,Stable,0,New
CPD-0551,train,2,120.0,Stable,0,Old
CPD-0552,train,3,120.0,Stable,0,New
CPD-0553,train,2,0.99,Unstable,1,Old
CPD-0554,external_test,,120.0,Stable,0,Old
CPD-0555,train,4,120.0,Stable,0,Old
CPD-0556,train,0,120.0,Stable,0,New
CPD-0557,train,2,110.57,Stable,0,New
CPD-0558,train,2,120.0,Stable,0,New
CPD-0559,train,0,120.0,Stable,0,Old
CPD-0561,train,1,120.0,Stable,0,New
CPD-0562,train,0,106.59,Stable,0,Old
CPD-0563,train,1,120.0,Stable,0,Old
CPD-0564,external_test,,87.71,Stable,0,New
CPD-0565,train,4,120.0,Stable,0,New
CPD-0566,train,1,120.0,Stable,0,Old
CPD-0567,internal_test,,120.0,Stable,0,New
CPD-0568,train,3,120.0,Stable,0,Old
CPD-0570,train,4,120.0,Stable,0,Old
CPD-0571,train,0,120.0,Stable,0,New
CPD-0572,train,0,120.0,Stable,0,Old
CPD-0573,train,0,92.94,Stable,0,New
CPD-0574,external_test,,80.06,Stable,0,Old
CPD-0575,internal_test,,33.47,Stable,0,Old
CPD-0577,train,2,65.95,Stable,0,Old
CPD-0578,internal_test,,120.0,Stable,0,Old
CPD-0579,train,3,120.0,Stable,0,New
CPD-0580,train,3,120.0,Stable,0,Old
CPD-0581,train,0,120.0,Stable,0,Old
CPD-0582,train,3,120.0,Stable,0,Old
CPD-0583,train,4,120.0,Stable,0,Old
CPD-0584,train,0,120.0,Stable,0,Old
CPD-0585,train,3,120.0,Stable,0,Old
CPD-0586,train,1,83.47,Stable,0,Old
CPD-0587,internal_test,,18.4,Unstable,1,Old
CPD-0588,train,4,102.1981346,Stable,0,New
CPD-0589,train,0,120.0,Stable,0,New
CPD-0591,train,3,120.0,Stable,0,New
CPD-0592,train,4,113.5492548,Stable,0,New
CPD-0593,train,1,120.0,Stable,0,New
CPD-0594,internal_test,,100.91,Stable,0,New
CPD-0595,external_test,,120.0,Stable,0,New
CPD-0596,train,2,98.24,Stable,0,Old
CPD-0597,train,4,8.07,Unstable,1,Old
CPD-0598,external_test,,93.12,Stable,0,Old
CPD-0599,internal_test,,83.32936317,Stable,0,New
CPD-0600,internal_test,,120.0,Stable,0,Old
CPD-0601,train,0,80.23,Stable,0,Old
CPD-0602,train,3,120.0,Stable,0,New
CPD-0603,train,4,110.42,Stable,0,Old
CPD-0604,external_test,,120.0,Stable,0,Old
CPD-0605,train,3,105.12,Stable,0,Old
CPD-0606,external_test,,120.0,Stable,0,New
CPD-0607,train,3,120.0,Stable,0,Old
CPD-0608,train,4,91.99194026,Stable,0,New
CPD-0609,train,1,120.0,Stable,0,Old
CPD-0610,train,1,84.58,Stable,0,Old
CPD-0611,external_test,,120.0,Stable,0,New
CPD-0612,train,0,76.63,Stable,0,Old
CPD-0613,train,4,120.0,Stable,0,New
CPD-0614,internal_test,,120.0,Stable,0,Old
CPD-0616,internal_test,,120.0,Stable,0,New
CPD-0617,train,2,120.0,Stable,0,New
CPD-0618,train,2,120.0,Stable,0,New
CPD-0619,train,0,86.91,Stable,0,Old
CPD-0620,external_test,,120.0,Stable,0,New
CPD-0621,train,1,120.0,Stable,0,Old
CPD-0623,train,2,120.0,Stable,0,Old
CPD-0624,train,3,120.0,Stable,0,Old
CPD-0625,train,2,91.5,Stable,0,New
CPD-0626,internal_test,,25.83,Unstable,1,New
CPD-0627,train,4,73.02,Stable,0,Old
CPD-0628,train,2,120.0,Stable,0,New
CPD-0629,train,3,120.0,Stable,0,New
CPD-0630,train,1,120.0,Stable,0,Old
CPD-0632,train,4,120.0,Stable,0,Old
CPD-0633,train,1,57.15362491,Stable,0,New
CPD-0634,train,2,120.0,Stable,0,New
CPD-0635,internal_test,,108.65,Stable,0,New
CPD-0636,train,3,120.0,Stable,0,Old
CPD-0637,train,1,31.15,Stable,0,New
CPD-0638,train,0,120.0,Stable,0,Old
CPD-0639,train,3,12.63528366,Unstable,1,New
CPD-0640,train,3,0.922541068,Unstable,1,New
CPD-0641,external_test,,120.0,Stable,0,New
CPD-0642,train,4,120.0,Stable,0,New
CPD-0643,train,2,120.0,Stable,0,Old
CPD-0644,train,0,111.0496607,Stable,0,New
CPD-0646,train,0,25.64,Unstable,1,Old
CPD-0648,internal_test,,120.0,Stable,0,New
CPD-0650,train,3,120.0,Stable,0,New
CPD-0651,external_test,,24.73,Unstable,1,Old
CPD-0652,external_test,,120.0,Stable,0,New
CPD-0653,train,0,120.0,Stable,0,New
CPD-0654,train,2,47.89,Stable,0,New
CPD-0655,train,1,120.0,Stable,0,Old
CPD-0656,train,2,8.01,Unstable,1,New
CPD-0657,internal_test,,120.0,Stable,0,New
CPD-0658,train,1,120.0,Stable,0,Old
CPD-0659,train,3,73.01453457,Stable,0,New
CPD-0660,train,0,120.0,Stable,0,Old
CPD-0661,train,2,120.0,Stable,0,New
CPD-0662,external_test,,49.74710581,Stable,0,New
CPD-0663,train,0,23.91,Unstable,1,Old
CPD-0664,train,1,120.0,Stable,0,Old
CPD-0665,train,3,120.0,Stable,0,Old
CPD-0666,train,3,107.08,Stable,0,Old
CPD-0667,train,1,107.06,Stable,0,Old
CPD-0668,train,3,120.0,Stable,0,New
CPD-0669,train,3,72.62,Stable,0,Old
CPD-0671,train,3,120.0,Stable,0,New
CPD-0672,train,3,120.0,Stable,0,New
CPD-0675,train,4,120.0,Stable,0,Old
CPD-0676,train,1,114.96,Stable,0,New
CPD-0678,train,0,120.0,Stable,0,Old
CPD-0680,train,3,19.57,Unstable,1,Old
CPD-0681,train,1,120.0,Stable,0,Old
CPD-0682,train,2,120.0,Stable,0,Old
CPD-0683,train,1,120.0,Stable,0,Old
CPD-0684,train,1,120.0,Stable,0,Old
CPD-0685,external_test,,120.0,Stable,0,New
CPD-0686,train,1,120.0,Stable,0,Old
CPD-0687,internal_test,,120.0,Stable,0,Old
CPD-0688,train,3,120.0,Stable,0,Old
CPD-0689,train,3,12.4,Unstable,1,Old
CPD-0690,train,3,120.0,Stable,0,Old
CPD-0692,train,0,120.0,Stable,0,Old
CPD-0694,train,4,120.0,Stable,0,New
CPD-0695,train,1,120.0,Stable,0,Old
CPD-0696,train,0,115.96,Stable,0,Old
CPD-0698,train,0,25.35,Unstable,1,New
CPD-0699,train,2,120.0,Stable,0,New
CPD-0700,train,0,120.0,Stable,0,New
CPD-0701,train,0,120.0,Stable,0,New
CPD-0702,train,2,95.29,Stable,0,New
CPD-0703,internal_test,,95.35,Stable,0,New
CPD-0704,train,4,84.52,Stable,0,New
CPD-0705,train,2,33.48,Stable,0,Old
CPD-0706,train,2,120.0,Stable,0,New
CPD-0707,train,2,120.0,Stable,0,New
CPD-0708,internal_test,,110.82,Stable,0,New
CPD-0709,train,4,120.0,Stable,0,Old
CPD-0711,train,4,120.0,Stable,0,Old
CPD-0712,train,1,97.00211473,Stable,0,New
CPD-0713,external_test,,95.91,Stable,0,Old
CPD-0714,train,4,76.52,Stable,0,New
CPD-0715,train,4,74.02,Stable,0,Old
CPD-0716,train,0,66.3,Stable,0,Old
CPD-0717,train,3,41.35,Stable,0,Old
CPD-0718,internal_test,,38.67,Stable,0,Old
CPD-0719,train,4,120.0,Stable,0,New
CPD-0720,train,3,120.0,Stable,0,New
CPD-0722,train,3,120.0,Stable,0,New
CPD-0723,internal_test,,120.0,Stable,0,Old
CPD-0724,train,2,83.07,Stable,0,New
CPD-0725,train,2,116.29,Stable,0,New
CPD-0726,train,3,120.0,Stable,0,New
CPD-0727,train,1,20.53,Unstable,1,Old
CPD-0728,train,4,90.17,Stable,0,Old
CPD-0729,train,4,104.05,Stable,0,New
CPD-0730,train,4,120.0,Stable,0,New
CPD-0731,external_test,,104.28,Stable,0,New
CPD-0732,internal_test,,120.0,Stable,0,Old
CPD-0733,train,1,120.0,Stable,0,New
CPD-0734,train,4,120.0,Stable,0,Old
CPD-0735,train,0,120.0,Stable,0,New
CPD-0736,train,4,104.77,Stable,0,Old
CPD-0737,train,4,106.12,Stable,0,New
CPD-0738,train,1,93.25,Stable,0,Old
CPD-0739,train,1,120.0,Stable,0,Old
CPD-0740,external_test,,102.4,Stable,0,Old
CPD-0741,train,0,31.47,Stable,0,New
CPD-0742,train,0,120.0,Stable,0,Old
CPD-0743,train,3,120.0,Stable,0,New
CPD-0745,train,4,120.0,Stable,0,Old
CPD-0746,train,3,35.22,Stable,0,Old
CPD-0747,internal_test,,120.0,Stable,0,Old
CPD-0748,train,4,23.92,Unstable,1,New
CPD-0749,internal_test,,77.27,Stable,0,Old
CPD-0750,train,1,120.0,Stable,0,New
CPD-0751,train,0,90.4657871,Stable,0,New
CPD-0752,external_test,,120.0,Stable,0,New
CPD-0753,external_test,,70.55,Stable,0,New
CPD-0754,train,2,69.11,Stable,0,New
CPD-0755,train,1,120.0,Stable,0,Old
CPD-0756,internal_test,,120.0,Stable,0,Old
CPD-0757,train,0,120.0,Stable,0,New
CPD-0758,train,0,120.0,Stable,0,Old
CPD-0759,train,1,120.0,Stable,0,Old
CPD-0760,internal_test,,8.77,Unstable,1,New
CPD-0761,train,4,120.0,Stable,0,Old
CPD-0762,train,0,120.0,Stable,0,Old
CPD-0763,train,3,120.0,Stable,0,New
CPD-0764,train,1,120.0,Stable,0,New
CPD-0765,train,1,87.22,Stable,0,New
CPD-0766,train,3,94.11,Stable,0,New
CPD-0767,external_test,,92.97,Stable,0,Old
CPD-0768,train,4,120.0,Stable,0,Old
CPD-0769,train,1,120.0,Stable,0,Old
CPD-0770,train,3,120.0,Stable,0,Old
CPD-0772,train,0,74.25,Stable,0,Old
CPD-0773,train,4,120.0,Stable,0,Old
CPD-0775,train,3,94.57,Stable,0,New
CPD-0776,train,2,120.0,Stable,0,New
CPD-0777,train,0,90.53,Stable,0,New
CPD-0778,train,0,120.0,Stable,0,Old
CPD-0779,internal_test,,10.23,Unstable,1,New
CPD-0780,train,0,120.0,Stable,0,New
CPD-0781,train,1,120.0,Stable,0,Old
CPD-0782,train,4,118.33,Stable,0,Old
CPD-0783,train,1,108.26,Stable,0,New
CPD-0784,train,0,120.0,Stable,0,New
CPD-0785,train,3,2.290279852,Unstable,1,New
CPD-0786,external_test,,120.0,Stable,0,New
CPD-0787,internal_test,,120.0,Stable,0,New
CPD-0788,train,0,120.0,Stable,0,New
CPD-0789,external_test,,120.0,Stable,0,Old
CPD-0790,train,1,1.14,Unstable,1,New
CPD-0791,train,1,88.13,Stable,0,Old
CPD-0792,train,0,15.1,Unstable,1,New
CPD-0793,train,0,35.29,Stable,0,Old
CPD-0794,train,0,120.0,Stable,0,New
CPD-0795,train,1,120.0,Stable,0,Old
CPD-0796,train,3,120.0,Stable,0,New
CPD-0797,train,3,45.07,Stable,0,New
CPD-0798,train,2,120.0,Stable,0,New
CPD-0799,train,4,114.1,Stable,0,New
CPD-0800,train,2,120.0,Stable,0,New
CPD-0801,train,4,120.0,Stable,0,New
CPD-0802,train,1,120.0,Stable,0,New
CPD-0803,train,1,120.0,Stable,0,Old
CPD-0804,external_test,,106.22,Stable,0,New
CPD-0805,train,2,120.0,Stable,0,New
CPD-0806,train,3,120.0,Stable,0,Old
CPD-0807,train,0,120.0,Stable,0,New
CPD-0808,external_test,,113.84,Stable,0,New
CPD-0809,internal_test,,120.0,Stable,0,Old
CPD-0810,train,1,66.69,Stable,0,Old
CPD-0811,train,4,51.74,Stable,0,New
CPD-0812,train,1,43.57,Stable,0,Old
CPD-0813,train,1,67.49,Stable,0,Old
CPD-0814,external_test,,58.3,Stable,0,New
CPD-0815,train,1,120.0,Stable,0,Old
CPD-0817,train,2,62.71,Stable,0,New
CPD-0818,train,1,120.0,Stable,0,Old
CPD-0819,train,0,87.65,Stable,0,New
CPD-0820,train,1,120.0,Stable,0,Old
CPD-0821,train,3,120.0,Stable,0,New
CPD-0822,train,3,92.43,Stable,0,Old
CPD-0824,train,2,120.0,Stable,0,New
CPD-0825,train,4,120.0,Stable,0,Old
CPD-0827,train,0,22.93577945,Unstable,1,New
CPD-0828,train,0,120.0,Stable,0,New
CPD-0829,internal_test,,32.79,Stable,0,New
CPD-0830,train,1,120.0,Stable,0,Old
CPD-0831,internal_test,,12.01,Unstable,1,Old
CPD-0832,train,0,120.0,Stable,0,New
CPD-0833,train,1,120.0,Stable,0,Old
CPD-0834,train,4,120.0,Stable,0,New
CPD-0835,external_test,,55.11,Stable,0,Old
CPD-0836,train,2,120.0,Stable,0,Old
CPD-0837,internal_test,,120.0,Stable,0,Old
CPD-0838,train,0,68.05,Stable,0,Old
CPD-0839,train,1,120.0,Stable,0,New
CPD-0840,external_test,,114.5853855,Stable,0,New
CPD-0841,train,2,92.89,Stable,0,Old
CPD-0842,train,3,8.82,Unstable,1,Old
CPD-0843,internal_test,,120.0,Stable,0,New
CPD-0844,internal_test,,33.25,Stable,0,Old
CPD-0845,internal_test,,120.0,Stable,0,New
CPD-0846,internal_test,,120.0,Stable,0,New
CPD-0847,train,2,113.4875225,Stable,0,New
CPD-0848,internal_test,,120.0,Stable,0,New
CPD-0849,train,0,26.39,Unstable,1,New
CPD-0850,train,0,120.0,Stable,0,Old
CPD-0851,train,1,103.77,Stable,0,Old
CPD-0852,internal_test,,120.0,Stable,0,New
CPD-0853,external_test,,2.810019828,Unstable,1,New
CPD-0854,train,3,120.0,Stable,0,New
CPD-0855,train,4,31.11747629,Stable,0,New
CPD-0856,train,1,120.0,Stable,0,New
CPD-0857,internal_test,,91.68,Stable,0,New
CPD-0858,train,2,120.0,Stable,0,New
CPD-0859,external_test,,101.14,Stable,0,Old
CPD-0860,train,0,120.0,Stable,0,Old
CPD-0861,train,4,120.0,Stable,0,Old
CPD-0863,internal_test,,104.53,Stable,0,Old
CPD-0864,internal_test,,120.0,Stable,0,New
CPD-0865,train,1,120.0,Stable,0,Old
CPD-0866,internal_test,,120.0,Stable,0,Old
CPD-0867,train,4,120.0,Stable,0,Old
CPD-0868,train,3,120.0,Stable,0,New
CPD-0869,internal_test,,120.0,Stable,0,New
CPD-0870,train,4,99.9,Stable,0,New
CPD-0871,train,3,33.31,Stable,0,New
CPD-0872,internal_test,,98.78,Stable,0,Old
CPD-0873,internal_test,,120.0,Stable,0,Old
CPD-0875,train,2,95.16,Stable,0,New
CPD-0877,train,3,118.29,Stable,0,Old
CPD-0878,train,3,15.01,Unstable,1,Old
CPD-0879,internal_test,,92.99,Stable,0,New
CPD-0880,train,4,120.0,Stable,0,Old
CPD-0881,train,0,120.0,Stable,0,New
CPD-0882,train,0,105.33,Stable,0,Old
CPD-0883,train,1,120.0,Stable,0,Old
CPD-0884,train,3,103.5,Stable,0,Old
CPD-0885,train,4,120.0,Stable,0,New
CPD-0886,train,0,120.0,Stable,0,Old
CPD-0887,internal_test,,120.0,Stable,0,Old
CPD-0888,train,3,120.0,Stable,0,New
CPD-0889,train,0,52.81,Stable,0,Old
CPD-0890,train,3,107.03,Stable,0,Old
CPD-0891,external_test,,29.63,Unstable,1,Old
CPD-0892,train,2,120.0,Stable,0,New
CPD-0893,train,4,120.0,Stable,0,New
CPD-0894,train,4,120.0,Stable,0,Old
CPD-0895,external_test,,120.0,Stable,0,New
CPD-0896,train,2,24.48210789,Unstable,1,New
CPD-0897,train,0,16.67,Unstable,1,New
CPD-0898,external_test,,52.19,Stable,0,New
CPD-0899,train,3,120.0,Stable,0,New
CPD-0900,train,0,120.0,Stable,0,Old
CPD-0901,train,1,120.0,Stable,0,Old
CPD-0902,train,3,42.0,Stable,0,Old
CPD-0903,train,2,120.0,Stable,0,Old
CPD-0905,train,0,120.0,Stable,0,New
CPD-0906,train,0,120.0,Stable,0,Old
CPD-0907,train,3,120.0,Stable,0,New
CPD-0908,train,4,120.0,Stable,0,New
CPD-0909,train,2,63.41,Stable,0,New
CPD-0910,train,2,81.66837153,Stable,0,New
CPD-0911,internal_test,,120.0,Stable,0,Old
CPD-0912,train,3,54.06964053,Stable,0,New
CPD-0913,train,4,120.0,Stable,0,Old
CPD-0914,train,3,120.0,Stable,0,Old
CPD-0915,internal_test,,113.6,Stable,0,Old
CPD-0916,train,0,104.66,Stable,0,Old
CPD-0917,train,0,24.75,Unstable,1,Old
CPD-0918,internal_test,,120.0,Stable,0,New
CPD-0919,train,1,99.07,Stable,0,Old
CPD-0920,train,2,120.0,Stable,0,New
CPD-0921,train,4,120.0,Stable,0,New
CPD-0922,train,4,61.13,Stable,0,Old
CPD-0923,train,1,120.0,Stable,0,Old
CPD-0925,train,2,120.0,Stable,0,Old
CPD-0926,train,0,60.29,Stable,0,Old
CPD-0927,train,2,120.0,Stable,0,New
CPD-0928,train,4,83.44,Stable,0,New
CPD-0929,train,0,120.0,Stable,0,Old
CPD-0930,train,1,120.0,Stable,0,Old
CPD-0931,train,4,120.0,Stable,0,Old
CPD-0932,internal_test,,120.0,Stable,0,Old
CPD-0933,train,0,106.91,Stable,0,New
CPD-0934,train,2,83.1,Stable,0,New
CPD-0935,train,1,120.0,Stable,0,Old
CPD-0936,train,1,112.93,Stable,0,Old
CPD-0937,train,2,120.0,Stable,0,New
CPD-0938,train,3,120.0,Stable,0,New
CPD-0939,train,1,104.8,Stable,0,New
CPD-0940,train,4,120.0,Stable,0,New
CPD-0941,train,0,6.41,Unstable,1,New
CPD-0942,train,2,120.0,Stable,0,New
CPD-0943,train,1,70.82,Stable,0,New
CPD-0944,train,1,78.35,Stable,0,Old
CPD-0945,train,0,120.0,Stable,0,New
CPD-0946,internal_test,,120.0,Stable,0,New
CPD-0947,train,3,110.95,Stable,0,New
CPD-0948,train,3,120.0,Stable,0,Old
CPD-0949,train,0,120.0,Stable,0,New
CPD-0950,train,0,4.98,Unstable,1,Old
CPD-0951,train,4,120.0,Stable,0,Old
CPD-0952,train,2,120.0,Stable,0,New
CPD-0953,internal_test,,120.0,Stable,0,New
CPD-0954,train,3,120.0,Stable,0,Old
CPD-0955,train,1,70.32,Stable,0,New
CPD-0956,train,1,19.74,Unstable,1,Old
CPD-0957,train,2,81.2,Stable,0,New
CPD-0958,train,0,95.55,Stable,0,Old
CPD-0959,train,1,120.0,Stable,0,New
CPD-0960,train,2,92.62033299,Stable,0,New
CPD-0961,train,2,69.27,Stable,0,Old
CPD-0962,train,3,120.0,Stable,0,New
CPD-0963,train,0,101.64,Stable,0,New
CPD-0965,external_test,,120.0,Stable,0,New
CPD-0966,train,0,120.0,Stable,0,New
CPD-0967,train,3,120.0,Stable,0,New
CPD-0968,train,3,16.24,Unstable,1,New
CPD-0969,train,4,120.0,Stable,0,New
CPD-0970,train,2,44.47,Stable,0,Old
CPD-0971,train,2,120.0,Stable,0,New
CPD-0972,train,2,120.0,Stable,0,Old
CPD-0973,train,3,120.0,Stable,0,New
CPD-0974,train,0,120.0,Stable,0,Old
CPD-0975,internal_test,,120.0,Stable,0,New
CPD-0976,train,3,90.24,Stable,0,Old
CPD-0978,train,0,83.99,Stable,0,New
CPD-0980,internal_test,,120.0,Stable,0,New
CPD-0981,train,3,59.15,Stable,0,Old
CPD-0982,train,0,98.75,Stable,0,Old
CPD-0983,train,2,120.0,Stable,0,Old
CPD-0984,train,0,120.0,Stable,0,New
CPD-0985,train,2,63.53,Stable,0,Old
CPD-0986,train,2,120.0,Stable,0,Old
CPD-0987,train,2,37.13,Stable,0,New
CPD-0988,train,4,89.25,Stable,0,New
CPD-0989,train,4,120.0,Stable,0,New
CPD-0990,external_test,,27.13,Unstable,1,New
CPD-0992,train,2,120.0,Stable,0,New
CPD-0993,train,1,59.05,Stable,0,Old
CPD-0994,train,4,120.0,Stable,0,New
CPD-0995,train,4,120.0,Stable,0,New
CPD-0996,train,2,74.0,Stable,0,Old
CPD-0997,train,2,50.73,Stable,0,Old
CPD-0998,external_test,,120.0,Stable,0,New
CPD-0999,train,4,20.7,Unstable,1,Old
CPD-1000,external_test,,120.0,Stable,0,Old
CPD-1001,train,1,120.0,Stable,0,New
CPD-1002,train,3,120.0,Stable,0,New
CPD-1003,train,2,116.43,Stable,0,New
CPD-1004,train,3,120.0,Stable,0,Old
CPD-1005,train,0,71.04,Stable,0,New
CPD-1006,train,1,120.0,Stable,0,Old
CPD-1007,external_test,,11.29,Unstable,1,New
CPD-1008,train,0,120.0,Stable,0,Old
CPD-1009,train,0,117.7,Stable,0,New
CPD-1010,internal_test,,111.79,Stable,0,Old
CPD-1011,train,2,71.13,Stable,0,Old
CPD-1012,train,2,120.0,Stable,0,Old
CPD-1013,train,0,120.0,Stable,0,New
CPD-1014,train,1,120.0,Stable,0,Old
CPD-1015,train,3,120.0,Stable,0,New
CPD-1016,train,2,94.7,Stable,0,New
CPD-1017,train,0,120.0,Stable,0,New
CPD-1018,train,2,106.34,Stable,0,Old
CPD-1019,train,1,120.0,Stable,0,New
CPD-1020,train,0,38.82,Stable,0,New
CPD-1021,train,2,120.0,Stable,0,New
CPD-1022,train,0,120.0,Stable,0,New
CPD-1023,train,4,120.0,Stable,0,Old
CPD-1024,train,0,120.0,Stable,0,Old
CPD-1026,external_test,,120.0,Stable,0,Old
CPD-1027,train,0,120.0,Stable,0,Old
CPD-1028,train,3,120.0,Stable,0,Old
CPD-1029,internal_test,,25.77,Unstable,1,New
CPD-1030,train,2,21.13,Unstable,1,Old
CPD-1032,internal_test,,120.0,Stable,0,Old
CPD-1033,train,2,120.0,Stable,0,New
CPD-1034,train,3,120.0,Stable,0,Old
CPD-1035,train,2,120.0,Stable,0,New
CPD-1036,internal_test,,120.0,Stable,0,Old
CPD-1037,train,3,120.0,Stable,0,Old
CPD-1038,train,0,9.49,Unstable,1,Old
CPD-1039,train,3,105.48,Stable,0,Old
CPD-1040,train,0,120.0,Stable,0,Old
CPD-1041,train,3,120.0,Stable,0,New
CPD-1043,train,4,120.0,Stable,0,New
CPD-1044,train,0,120.0,Stable,0,Old
CPD-1045,train,0,120.0,Stable,0,Old
CPD-1046,train,3,9.99,Unstable,1,Old
CPD-1047,train,1,21.11,Unstable,1,Old
CPD-1048,train,3,120.0,Stable,0,Old
CPD-1049,external_test,,120.0,Stable,0,New
CPD-1050,train,4,120.0,Stable,0,New
CPD-1051,train,1,42.48,Stable,0,Old
CPD-1052,train,3,120.0,Stable,0,New
CPD-1053,train,4,94.68,Stable,0,New
CPD-1054,external_test,,120.0,Stable,0,Old
CPD-1055,train,1,120.0,Stable,0,Old
CPD-1056,train,1,59.87,Stable,0,Old
CPD-1059,train,4,120.0,Stable,0,New
CPD-1060,train,3,2.887287358,Unstable,1,New
CPD-1062,train,4,120.0,Stable,0,New
CPD-1063,train,2,49.67,Stable,0,Old
CPD-1065,train,3,70.53,Stable,0,New
CPD-1066,train,0,120.0,Stable,0,New
CPD-1067,train,4,20.69,Unstable,1,New
CPD-1068,train,0,120.0,Stable,0,New
CPD-1069,train,4,120.0,Stable,0,Old
CPD-1070,train,0,120.0,Stable,0,New
CPD-1071,train,3,120.0,Stable,0,New
CPD-1072,internal_test,,120.0,Stable,0,Old
CPD-1073,train,0,120.0,Stable,0,Old
CPD-1074,train,1,120.0,Stable,0,New
CPD-1075,external_test,,120.0,Stable,0,Old
CPD-1076,train,2,120.0,Stable,0,New
CPD-1077,train,4,22.97,Unstable,1,Old
CPD-1078,train,4,120.0,Stable,0,Old
CPD-1079,train,4,113.9983456,Stable,0,New
CPD-1080,train,2,120.0,Stable,0,Old
CPD-1081,train,4,120.0,Stable,0,New
CPD-1082,train,2,120.0,Stable,0,New
CPD-1083,train,0,120.0,Stable,0,New
CPD-1085,train,3,120.0,Stable,0,New
CPD-1086,train,3,3.524877711,Unstable,1,New
CPD-1087,train,4,120.0,Stable,0,New
CPD-1088,internal_test,,48.0,Stable,0,Old
CPD-1089,train,0,120.0,Stable,0,New
CPD-1090,train,4,120.0,Stable,0,New
CPD-1091,train,0,120.0,Stable,0,New
CPD-1092,internal_test,,27.65,Unstable,1,Old
CPD-1093,train,3,120.0,Stable,0,New
CPD-1094,train,0,47.76,Stable,0,Old
CPD-1095,train,2,77.37,Stable,0,Old
CPD-1096,train,3,120.0,Stable,0,Old
CPD-1097,train,3,120.0,Stable,0,New
CPD-1099,train,1,18.88,Unstable,1,Old
CPD-1100,train,0,120.0,Stable,0,New
CPD-1101,train,0,84.69,Stable,0,New
CPD-1102,external_test,,118.34,Stable,0,New
CPD-1103,train,4,120.0,Stable,0,New
CPD-1104,external_test,,110.17,Stable,0,New
CPD-1105,train,0,120.0,Stable,0,New
CPD-1106,train,4,120.0,Stable,0,Old
CPD-1107,train,3,120.0,Stable,0,New
CPD-1108,train,1,74.09,Stable,0,New
CPD-1109,train,0,86.90795233,Stable,0,New
CPD-1110,train,0,101.83,Stable,0,Old
CPD-1111,train,2,14.77,Unstable,1,Old
CPD-1112,external_test,,120.0,Stable,0,New
CPD-1113,train,4,120.0,Stable,0,Old
CPD-1114,external_test,,20.22,Unstable,1,Old
CPD-1115,train,3,120.0,Stable,0,New
CPD-1116,train,4,110.21,Stable,0,Old
CPD-1117,train,1,7.8,Unstable,1,Old
CPD-1118,train,2,120.0,Stable,0,New
CPD-1119,internal_test,,120.0,Stable,0,Old
CPD-1121,train,1,120.0,Stable,0,Old
CPD-1122,internal_test,,25.05,Unstable,1,New
CPD-1123,train,0,120.0,Stable,0,Old
CPD-1124,train,2,120.0,Stable,0,Old
CPD-1125,train,2,120.0,Stable,0,New
CPD-1126,train,3,120.0,Stable,0,New
CPD-1127,train,0,113.8,Stable,0,Old
CPD-1128,train,2,120.0,Stable,0,New
CPD-1129,train,0,120.0,Stable,0,Old
CPD-1131,train,1,120.0,Stable,0,New
CPD-1132,train,4,119.81,Stable,0,Old
CPD-1133,internal_test,,120.0,Stable,0,New
CPD-1134,train,2,120.0,Stable,0,New
CPD-1135,train,2,24.29803715,Unstable,1,New
CPD-1136,train,1,120.0,Stable,0,Old
CPD-1137,train,4,120.0,Stable,0,New
CPD-1138,train,3,120.0,Stable,0,Old
CPD-1139,train,2,120.0,Stable,0,New
CPD-1141,train,1,120.0,Stable,0,New
CPD-1143,train,4,89.56,Stable,0,Old
CPD-1145,train,3,71.46,Stable,0,Old
CPD-1146,train,1,72.67,Stable,0,New
CPD-1147,train,2,8.5,Unstable,1,Old
CPD-1148,train,2,120.0,Stable,0,New
CPD-1149,train,1,120.0,Stable,0,New
CPD-1150,train,4,120.0,Stable,0,New
CPD-1151,external_test,,120.0,Stable,0,New
CPD-1152,train,1,120.0,Stable,0,Old
CPD-1153,train,0,120.0,Stable,0,Old
CPD-1154,train,4,120.0,Stable,0,Old
CPD-1155,train,0,120.0,Stable,0,Old
CPD-1156,external_test,,120.0,Stable,0,New
CPD-1157,external_test,,4.58,Unstable,1,New
CPD-1158,train,1,120.0,Stable,0,Old
CPD-1159,external_test,,120.0,Stable,0,Old
CPD-1160,internal_test,,120.0,Stable,0,New
CPD-1161,train,3,56.47,Stable,0,Old
CPD-1162,train,0,35.31,Stable,0,Old
CPD-1163,train,0,120.0,Stable,0,New
CPD-1164,external_test,,49.71,Stable,0,New
CPD-1165,train,2,37.35,Stable,0,Old
CPD-1166,internal_test,,9.05,Unstable,1,New
CPD-1167,train,0,99.36,Stable,0,Old
CPD-1168,train,2,120.0,Stable,0,New
CPD-1169,train,3,104.62,Stable,0,Old
CPD-1170,internal_test,,120.0,Stable,0,New
CPD-1171,internal_test,,96.91,Stable,0,New
CPD-1172,train,2,120.0,Stable,0,Old
CPD-1173,train,4,120.0,Stable,0,Old
CPD-1174,train,1,97.9,Stable,0,Old
CPD-1175,train,0,86.14,Stable,0,New
CPD-1176,train,1,111.35,Stable,0,Old
CPD-1177,internal_test,,7.79,Unstable,1,New
CPD-1178,train,1,120.0,Stable,0,Old
CPD-1179,train,3,1.027281185,Unstable,1,New
CPD-1180,train,3,120.0,Stable,0,New
CPD-1181,train,4,36.51,Stable,0,Old
CPD-1182,train,3,97.13349307,Stable,0,New
CPD-1183,train,2,61.23,Stable,0,Old
CPD-1184,train,3,26.91,Unstable,1,Old
CPD-1185,external_test,,120.0,Stable,0,New
CPD-1186,train,1,120.0,Stable,0,New
CPD-1187,train,0,99.15,Stable,0,New
CPD-1188,external_test,,120.0,Stable,0,New
CPD-1189,train,1,120.0,Stable,0,Old
CPD-1190,train,4,100.06,Stable,0,Old
CPD-1191,internal_test,,94.53,Stable,0,New
CPD-1192,external_test,,78.84,Stable,0,Old
CPD-1193,train,2,120.0,Stable,0,Old
CPD-1194,internal_test,,26.42,Unstable,1,New
CPD-1195,train,4,12.76,Unstable,1,Old
CPD-1196,train,2,9.7,Unstable,1,New
CPD-1197,external_test,,120.0,Stable,0,New
CPD-1198,train,3,5.3,Unstable,1,Old
CPD-1199,train,1,20.8,Unstable,1,Old
CPD-1200,train,2,120.0,Stable,0,Old
CPD-1201,train,2,120.0,Stable,0,New
CPD-1202,train,1,120.0,Stable,0,New
CPD-1203,train,0,21.85,Unstable,1,New
CPD-1204,train,2,102.41,Stable,0,Old
CPD-1205,train,4,104.7980979,Stable,0,New
CPD-1206,train,0,119.78,Stable,0,New
CPD-1207,internal_test,,120.0,Stable,0,New
CPD-1208,external_test,,120.0,Stable,0,Old
CPD-1209,train,4,86.82,Stable,0,Old
CPD-1210,train,1,68.3,Stable,0,Old
CPD-1211,external_test,,120.0,Stable,0,New
CPD-1212,train,2,13.4,Unstable,1,New
CPD-1213,train,0,120.0,Stable,0,New
CPD-1214,internal_test,,70.69,Stable,0,Old
CPD-1215,train,0,54.33,Stable,0,Old
CPD-1216,train,0,120.0,Stable,0,New
CPD-1217,train,0,120.0,Stable,0,Old
CPD-1219,train,1,2.8,Unstable,1,Old
CPD-1220,train,0,120.0,Stable,0,Old
CPD-1221,train,2,120.0,Stable,0,New
CPD-1222,train,1,120.0,Stable,0,Old
CPD-1223,train,4,25.29,Unstable,1,New
CPD-1224,train,4,120.0,Stable,0,Old
CPD-1225,external_test,,120.0,Stable,0,New
CPD-1227,internal_test,,120.0,Stable,0,Old
CPD-1228,train,1,120.0,Stable,0,New
CPD-1229,train,4,120.0,Stable,0,Old
CPD-1230,train,0,120.0,Stable,0,New
CPD-1231,train,1,120.0,Stable,0,New
CPD-1232,train,1,94.01,Stable,0,New
CPD-1233,train,2,120.0,Stable,0,New
CPD-1234,train,1,120.0,Stable,0,New
CPD-1235,train,0,110.35,Stable,0,New
CPD-1236,train,1,120.0,Stable,0,New
CPD-1237,train,1,107.59,Stable,0,New
CPD-1238,train,0,4.56,Unstable,1,Old
CPD-1239,train,0,120.0,Stable,0,Old
CPD-1240,external_test,,120.0,Stable,0,New
CPD-1241,train,3,38.36971446,Stable,0,New
CPD-1242,train,1,120.0,Stable,0,New
CPD-1243,train,0,88.95,Stable,0,New
CPD-1244,train,1,100.46,Stable,0,New
CPD-1245,train,3,101.52,Stable,0,Old
CPD-1246,internal_test,,120.0,Stable,0,New
CPD-1247,train,4,120.0,Stable,0,New
CPD-1248,internal_test,,120.0,Stable,0,New
CPD-1249,train,2,120.0,Stable,0,New
CPD-1250,train,3,120.0,Stable,0,New
CPD-1251,train,4,112.5054921,Stable,0,New
CPD-1252,train,3,120.0,Stable,0,New
CPD-1253,external_test,,120.0,Stable,0,Old
CPD-1254,train,3,62.32,Stable,0,Old
CPD-1255,external_test,,59.4,Stable,0,Old
CPD-1256,train,4,30.83,Stable,0,Old
CPD-1257,train,0,2.96,Unstable,1,Old
CPD-1258,internal_test,,83.7,Stable,0,New
CPD-1259,internal_test,,120.0,Stable,0,New
CPD-1260,train,2,15.68,Unstable,1,Old
CPD-1261,train,0,33.45,Stable,0,New
CPD-1263,train,1,120.0,Stable,0,Old
CPD-1264,train,3,88.99,Stable,0,New
CPD-1265,train,0,101.26,Stable,0,New
CPD-1266,train,2,120.0,Stable,0,Old
CPD-1267,train,0,120.0,Stable,0,New
CPD-1268,train,1,96.99,Stable,0,Old
CPD-1269,train,0,39.493604,Stable,0,New
CPD-1270,train,4,109.9833049,Stable,0,New
CPD-1271,train,4,11.61,Unstable,1,New
CPD-1272,train,4,120.0,Stable,0,Old
CPD-1273,train,4,120.0,Stable,0,New
CPD-1275,train,0,120.0,Stable,0,Old
CPD-1276,train,3,112.71,Stable,0,Old
CPD-1277,train,2,120.0,Stable,0,Old
CPD-1278,internal_test,,120.0,Stable,0,Old
CPD-1279,train,3,55.04,Stable,0,Old
CPD-1280,external_test,,120.0,Stable,0,New
CPD-1281,train,3,32.52,Stable,0,Old
CPD-1282,train,4,37.27,Stable,0,Old
CPD-1283,train,4,120.0,Stable,0,Old
CPD-1284,train,4,120.0,Stable,0,Old
CPD-1285,external_test,,120.0,Stable,0,New
CPD-1286,train,1,120.0,Stable,0,New
CPD-1287,train,0,120.0,Stable,0,Old
CPD-1288,train,2,120.0,Stable,0,New
CPD-1289,train,2,57.88274229,Stable,0,New
CPD-1290,train,0,120.0,Stable,0,Old
CPD-1291,train,1,120.0,Stable,0,Old
CPD-1292,train,0,120.0,Stable,0,Old
CPD-1293,train,3,120.0,Stable,0,Old
CPD-1294,train,0,120.0,Stable,0,New
CPD-1295,train,0,120.0,Stable,0,New
CPD-1296,train,2,9.41,Unstable,1,New
CPD-1297,external_test,,120.0,Stable,0,Old
CPD-1298,train,4,105.5976865,Stable,0,New
CPD-1299,train,0,22.91,Unstable,1,Old
CPD-1300,train,2,120.0,Stable,0,New
CPD-1301,train,4,120.0,Stable,0,New
CPD-1302,train,1,120.0,Stable,0,Old
CPD-1303,train,3,120.0,Stable,0,Old
CPD-1304,external_test,,120.0,Stable,0,New
CPD-1305,train,4,120.0,Stable,0,Old
CPD-1306,train,4,6.57,Unstable,1,New
CPD-1307,train,2,120.0,Stable,0,New
CPD-1308,train,0,120.0,Stable,0,Old
CPD-1309,train,4,120.0,Stable,0,Old
CPD-1310,train,4,120.0,Stable,0,New
CPD-1311,train,1,120.0,Stable,0,New
CPD-1312,train,1,120.0,Stable,0,Old
CPD-1313,train,1,25.59,Unstable,1,Old
CPD-1314,train,3,120.0,Stable,0,New
CPD-1315,train,3,120.0,Stable,0,New
CPD-1316,train,1,73.19,Stable,0,Old
CPD-1317,train,1,31.76,Stable,0,Old
CPD-1318,train,2,120.0,Stable,0,New
CPD-1319,train,4,120.0,Stable,0,Old
CPD-1320,train,1,120.0,Stable,0,New
CPD-1322,external_test,,101.54,Stable,0,Old
CPD-1323,internal_test,,24.09,Unstable,1,Old
CPD-1324,train,0,120.0,Stable,0,New
CPD-1325,train,2,120.0,Stable,0,New
CPD-1326,train,2,120.0,Stable,0,Old
CPD-1327,train,2,103.3,Stable,0,New
CPD-1328,train,0,120.0,Stable,0,New
CPD-1329,train,2,119.41,Stable,0,New
CPD-1330,train,1,120.0,Stable,0,New
CPD-1331,train,2,120.0,Stable,0,New
CPD-1332,train,3,120.0,Stable,0,Old
CPD-1334,train,1,120.0,Stable,0,New
CPD-1335,train,0,120.0,Stable,0,Old
CPD-1337,train,1,120.0,Stable,0,Old
CPD-1338,train,4,85.98,Stable,0,New
CPD-1340,train,4,72.79,Stable,0,New
CPD-1341,train,1,120.0,Stable,0,New
CPD-1342,train,0,120.0,Stable,0,New
CPD-1343,train,4,120.0,Stable,0,Old
CPD-1344,train,0,120.0,Stable,0,Old
CPD-1345,train,4,82.2,Stable,0,Old
CPD-1346,train,0,120.0,Stable,0,New
CPD-1347,external_test,,107.29,Stable,0,Old
CPD-1348,train,2,108.46,Stable,0,Old
CPD-1349,train,3,120.0,Stable,0,New
CPD-1350,external_test,,120.0,Stable,0,Old
CPD-1351,train,4,120.0,Stable,0,New
CPD-1352,train,2,120.0,Stable,0,New
CPD-1353,internal_test,,120.0,Stable,0,Old
CPD-1354,train,0,120.0,Stable,0,Old
CPD-1355,train,4,120.0,Stable,0,Old
CPD-1356,train,2,120.0,Stable,0,Old
CPD-1357,train,1,110.83,Stable,0,New
CPD-1358,train,2,120.0,Stable,0,New
CPD-1359,internal_test,,120.0,Stable,0,New
CPD-1360,internal_test,,120.0,Stable,0,New
CPD-1361,external_test,,120.0,Stable,0,New
CPD-1362,external_test,,120.0,Stable,0,New
CPD-1363,external_test,,120.0,Stable,0,Old
CPD-1364,train,4,60.47,Stable,0,Old
CPD-1365,train,3,120.0,Stable,0,New
CPD-1366,external_test,,120.0,Stable,0,New
CPD-1367,train,1,86.91,Stable,0,New
CPD-1368,train,1,106.36,Stable,0,Old
CPD-1369,external_test,,120.0,Stable,0,New
CPD-1370,train,4,120.0,Stable,0,New
CPD-1371,train,0,120.0,Stable,0,Old
CPD-1372,train,4,120.0,Stable,0,Old
CPD-1373,train,0,102.57,Stable,0,New
CPD-1374,train,1,120.0,Stable,0,New
CPD-1375,train,2,77.52,Stable,0,New
CPD-1376,internal_test,,120.0,Stable,0,Old
CPD-1378,internal_test,,31.12,Stable,0,New
CPD-1379,train,0,120.0,Stable,0,Old
CPD-1380,train,3,120.0,Stable,0,New
CPD-1381,train,4,54.08,Stable,0,New
CPD-1382,train,3,120.0,Stable,0,Old
CPD-1383,train,4,62.27,Stable,0,Old
CPD-1384,train,2,120.0,Stable,0,New
CPD-1385,train,3,120.0,Stable,0,New
CPD-1386,train,1,49.85,Stable,0,Old
CPD-1387,train,3,120.0,Stable,0,New
CPD-1388,train,1,120.0,Stable,0,Old
CPD-1389,train,0,54.15,Stable,0,New
CPD-1390,train,0,120.0,Stable,0,Old
CPD-1391,train,1,120.0,Stable,0,New
CPD-1392,external_test,,40.79,Stable,0,Old
CPD-1393,train,1,120.0,Stable,0,New
CPD-1394,train,4,115.98,Stable,0,Old
CPD-1395,train,2,120.0,Stable,0,New
CPD-1397,internal_test,,120.0,Stable,0,New
CPD-1398,external_test,,49.49,Stable,0,Old
CPD-1400,train,3,120.0,Stable,0,New
CPD-1401,train,3,94.34,Stable,0,Old
CPD-1402,train,3,120.0,Stable,0,New
CPD-1403,train,1,120.0,Stable,0,New
CPD-1404,train,1,78.89,Stable,0,Old
CPD-1405,train,1,120.0,Stable,0,New
CPD-1406,train,4,35.65,Stable,0,Old
CPD-1407,train,0,29.07,Unstable,1,Old
CPD-1408,train,4,120.0,Stable,0,Old
CPD-1410,internal_test,,103.68,Stable,0,Old
CPD-1411,external_test,,120.0,Stable,0,Old
CPD-1412,train,2,76.18,Stable,0,New
CPD-1413,external_test,,120.0,Stable,0,Old
CPD-1414,internal_test,,118.75,Stable,0,New
CPD-1415,train,3,120.0,Stable,0,Old
CPD-1417,train,2,16.22396891,Unstable,1,New
CPD-1418,internal_test,,83.59,Stable,0,New
CPD-1419,train,3,120.0,Stable,0,New
CPD-1420,train,0,120.0,Stable,0,Old
CPD-1421,train,1,12.41,Unstable,1,Old
CPD-1422,train,1,109.6,Stable,0,New
CPD-1423,train,1,120.0,Stable,0,New
CPD-1424,train,1,120.0,Stable,0,New
CPD-1425,external_test,,120.0,Stable,0,New
CPD-1426,train,0,13.08,Unstable,1,Old
CPD-1427,train,1,22.63,Unstable,1,Old
CPD-1428,train,3,103.0,Stable,0,New
CPD-1430,train,1,120.0,Stable,0,Old
CPD-1431,train,4,120.0,Stable,0,Old
CPD-1432,train,0,120.0,Stable,0,Old
CPD-1433,train,4,120.0,Stable,0,New
CPD-1434,train,0,120.0,Stable,0,Old
CPD-1435,external_test,,120.0,Stable,0,New
CPD-1436,train,3,62.46,Stable,0,New
CPD-1437,train,0,120.0,Stable,0,Old
CPD-1438,train,2,62.45,Stable,0,Old
CPD-1439,external_test,,120.0,Stable,0,Old
CPD-1440,external_test,,32.43,Stable,0,Old
CPD-1441,train,0,120.0,Stable,0,Old
CPD-1442,train,3,120.0,Stable,0,Old
CPD-1443,train,2,44.08,Stable,0,Old
CPD-1444,train,3,120.0,Stable,0,New
CPD-1445,train,1,48.32,Stable,0,Old
CPD-1446,train,4,120.0,Stable,0,Old
CPD-1447,internal_test,,120.0,Stable,0,New
CPD-1448,train,4,120.0,Stable,0,Old
CPD-1450,train,3,120.0,Stable,0,Old
CPD-1451,train,0,56.96,Stable,0,New
CPD-1452,train,3,120.0,Stable,0,Old
CPD-1453,train,4,120.0,Stable,0,New
CPD-1454,train,3,69.34239496,Stable,0,New
CPD-1455,train,0,105.102362,Stable,0,New
CPD-1456,train,1,24.19,Unstable,1,Old
CPD-1457,train,4,120.0,Stable,0,Old
CPD-1458,external_test,,120.0,Stable,0,Old
CPD-1459,train,2,120.0,Stable,0,New
CPD-1460,train,3,120.0,Stable,0,New
CPD-1461,train,1,120.0,Stable,0,Old
CPD-1462,train,4,92.97,Stable,0,Old
CPD-1463,train,1,120.0,Stable,0,Old
CPD-1464,train,2,68.03,Stable,0,New
CPD-1465,external_test,,95.84,Stable,0,Old
CPD-1466,train,0,120.0,Stable,0,New
CPD-1467,train,0,120.0,Stable,0,New
CPD-1468,train,2,67.0,Stable,0,Old
CPD-1469,external_test,,120.0,Stable,0,Old
CPD-1470,train,2,115.29,Stable,0,Old
CPD-1471,train,3,99.19,Stable,0,Old
CPD-1473,train,3,120.0,Stable,0,Old
CPD-1474,train,2,113.78,Stable,0,Old
CPD-1475,train,0,120.0,Stable,0,New
CPD-1476,train,0,110.58,Stable,0,Old
CPD-1477,internal_test,,120.0,Stable,0,New
CPD-1478,train,3,60.26,Stable,0,Old
CPD-1479,train,1,120.0,Stable,0,Old
CPD-1481,external_test,,84.84,Stable,0,New
CPD-1482,train,1,37.87,Stable,0,Old
CPD-1483,train,3,120.0,Stable,0,Old
CPD-1484,train,0,120.0,Stable,0,New
CPD-1485,internal_test,,79.19,Stable,0,New
CPD-1487,train,4,105.88,Stable,0,Old
CPD-1488,train,0,120.0,Stable,0,New
CPD-1489,train,3,120.0,Stable,0,Old
CPD-1490,train,1,120.0,Stable,0,New
CPD-1491,train,0,120.0,Stable,0,Old
CPD-1492,train,1,92.94908988,Stable,0,New
CPD-1493,internal_test,,120.0,Stable,0,New
CPD-1494,train,2,120.0,Stable,0,New
CPD-1495,train,2,18.33,Unstable,1,New
CPD-1496,train,2,92.96,Stable,0,New
CPD-1498,train,2,120.0,Stable,0,Old
CPD-1499,external_test,,101.56,Stable,0,New
CPD-1500,train,4,66.14264721,Stable,0,New
CPD-1501,train,2,9.74,Unstable,1,Old
CPD-1502,train,1,83.9,Stable,0,Old
CPD-1503,external_test,,120.0,Stable,0,New
CPD-1504,train,2,120.0,Stable,0,New
CPD-1505,train,2,98.2,Stable,0,New
CPD-1506,external_test,,17.85,Unstable,1,Old
CPD-1507,train,4,120.0,Stable,0,New
CPD-1508,train,1,65.19,Stable,0,Old
CPD-1509,train,1,40.49,Stable,0,Old
CPD-1510,train,2,120.0,Stable,0,New
CPD-1511,train,2,120.0,Stable,0,New
CPD-1512,train,0,120.0,Stable,0,New
CPD-1513,train,2,120.0,Stable,0,Old
CPD-1514,train,4,28.26,Unstable,1,Old
CPD-1516,train,2,102.21,Stable,0,Old
CPD-1517,internal_test,,120.0,Stable,0,New
CPD-1518,train,4,120.0,Stable,0,New
CPD-1519,train,4,120.0,Stable,0,New
CPD-1521,train,3,61.51,Stable,0,Old
CPD-1522,external_test,,120.0,Stable,0,Old
CPD-1523,train,2,107.67,Stable,0,Old
CPD-1524,train,3,120.0,Stable,0,New
CPD-1525,train,1,41.76,Stable,0,Old
CPD-1526,train,2,120.0,Stable,0,New
CPD-1527,internal_test,,120.0,Stable,0,New
CPD-1528,train,1,120.0,Stable,0,New
CPD-1529,train,0,76.88,Stable,0,Old
CPD-1530,internal_test,,84.54,Stable,0,New
CPD-1531,train,1,120.0,Stable,0,New
CPD-1532,train,2,64.98,Stable,0,New
CPD-1533,train,3,92.73,Stable,0,New
CPD-1534,train,0,120.0,Stable,0,New
CPD-1535,train,1,120.0,Stable,0,New
CPD-1536,internal_test,,120.0,Stable,0,New
CPD-1537,external_test,,45.36,Stable,0,New
CPD-1538,train,4,120.0,Stable,0,New
CPD-1540,train,4,107.48,Stable,0,Old
CPD-1541,train,4,102.0,Stable,0,New
CPD-1542,train,2,120.0,Stable,0,New
CPD-1543,train,4,37.8,Stable,0,New
CPD-1544,external_test,,120.0,Stable,0,Old
CPD-1545,train,4,120.0,Stable,0,New
CPD-1546,train,4,120.0,Stable,0,Old
CPD-1547,internal_test,,120.0,Stable,0,Old
CPD-1548,train,4,109.0,Stable,0,New
CPD-1549,train,3,120.0,Stable,0,New
CPD-1550,train,2,120.0,Stable,0,New
CPD-1551,external_test,,120.0,Stable,0,New
CPD-1553,train,1,120.0,Stable,0,Old
CPD-1555,train,2,111.21,Stable,0,New
CPD-1556,train,4,120.0,Stable,0,New
CPD-1558,external_test,,120.0,Stable,0,New
CPD-1559,train,3,120.0,Stable,0,Old
CPD-1560,train,1,120.0,Stable,0,New
CPD-1561,train,1,120.0,Stable,0,Old
CPD-1562,train,3,31.79,Stable,0,Old
CPD-1563,train,0,71.53,Stable,0,New
CPD-1564,external_test,,120.0,Stable,0,New
CPD-1565,train,0,120.0,Stable,0,New
CPD-1566,train,0,120.0,Stable,0,New
CPD-1567,train,2,58.75,Stable,0,New
CPD-1568,train,4,120.0,Stable,0,Old
CPD-1569,train,3,102.55,Stable,0,Old
CPD-1570,train,4,120.0,Stable,0,New
CPD-1571,train,0,120.0,Stable,0,New
CPD-1572,train,1,120.0,Stable,0,Old
CPD-1573,train,4,84.25,Stable,0,New
CPD-1574,internal_test,,120.0,Stable,0,New
CPD-1575,train,3,120.0,Stable,0,New
CPD-1576,train,4,120.0,Stable,0,New
CPD-1577,train,1,120.0,Stable,0,Old
CPD-1578,train,2,120.0,Stable,0,New
CPD-1579,train,3,62.67636133,Stable,0,New
CPD-1581,train,1,117.12,Stable,0,Old
CPD-1582,train,1,120.0,Stable,0,Old
CPD-1583,internal_test,,120.0,Stable,0,Old
CPD-1584,external_test,,120.0,Stable,0,New
CPD-1585,external_test,,74.82,Stable,0,New
CPD-1586,train,4,84.87,Stable,0,New
CPD-1587,train,4,65.15776412,Stable,0,New
CPD-1588,train,0,120.0,Stable,0,New
CPD-1589,train,2,120.0,Stable,0,Old
CPD-1590,train,2,120.0,Stable,0,New
CPD-1591,internal_test,,115.0,Stable,0,New
CPD-1592,external_test,,120.0,Stable,0,New
CPD-1594,train,4,120.0,Stable,0,Old
CPD-1596,train,1,120.0,Stable,0,Old
CPD-1597,external_test,,53.09103851,Stable,0,New
CPD-1598,train,0,79.74,Stable,0,Old
CPD-1599,train,3,120.0,Stable,0,Old
CPD-1600,train,1,120.0,Stable,0,Old
CPD-1601,train,1,91.5,Stable,0,New
CPD-1602,train,2,120.0,Stable,0,New
CPD-1603,train,3,120.0,Stable,0,New
CPD-1604,train,0,107.92,Stable,0,New
CPD-1605,train,1,120.0,Stable,0,New
CPD-1607,train,2,120.0,Stable,0,Old
CPD-1608,train,3,50.42,Stable,0,New
CPD-1609,train,1,120.0,Stable,0,Old
CPD-1610,train,3,120.0,Stable,0,Old
CPD-1611,train,0,120.0,Stable,0,Old
CPD-1612,external_test,,112.38,Stable,0,Old
CPD-1613,train,1,120.0,Stable,0,Old
CPD-1614,internal_test,,85.57,Stable,0,New
CPD-1615,train,2,32.51,Stable,0,New
CPD-1616,train,3,120.0,Stable,0,New
CPD-1617,train,2,120.0,Stable,0,New
CPD-1618,train,1,120.0,Stable,0,New
CPD-1619,train,4,120.0,Stable,0,New
CPD-1620,train,4,43.44,Stable,0,Old
CPD-1623,train,1,120.0,Stable,0,New
CPD-1624,train,1,97.23,Stable,0,Old
CPD-1625,train,3,11.04,Unstable,1,Old
CPD-1626,train,0,120.0,Stable,0,Old
CPD-1627,train,1,115.0,Stable,0,New
CPD-1629,train,0,120.0,Stable,0,New
CPD-1630,internal_test,,120.0,Stable,0,Old
CPD-1631,internal_test,,120.0,Stable,0,Old
CPD-1632,train,4,41.28,Stable,0,Old
CPD-1633,train,2,120.0,Stable,0,Old
CPD-1634,train,2,12.49,Unstable,1,Old
CPD-1635,train,3,120.0,Stable,0,New
CPD-1636,train,1,108.4,Stable,0,Old
CPD-1637,train,3,120.0,Stable,0,Old
CPD-1638,train,3,120.0,Stable,0,New
CPD-1639,train,3,98.32,Stable,0,New
CPD-1640,external_test,,72.82,Stable,0,New
CPD-1641,train,2,120.0,Stable,0,New
CPD-1642,train,2,96.16,Stable,0,Old
CPD-1643,train,1,99.3,Stable,0,New
CPD-1644,train,4,120.0,Stable,0,Old
CPD-1645,train,0,72.3,Stable,0,Old
CPD-1646,internal_test,,108.81,Stable,0,Old
CPD-1647,train,3,120.0,Stable,0,Old
CPD-1649,train,1,105.9,Stable,0,Old
CPD-1650,train,0,90.57,Stable,0,New
CPD-1651,internal_test,,120.0,Stable,0,New
CPD-1652,internal_test,,120.0,Stable,0,New
CPD-1653,train,4,81.46979275,Stable,0,New
CPD-1654,train,4,115.22,Stable,0,Old
CPD-1655,train,2,120.0,Stable,0,New
CPD-1656,train,2,108.58,Stable,0,Old
CPD-1657,train,4,118.38,Stable,0,Old
CPD-1658,train,0,59.9,Stable,0,New
CPD-1659,train,0,120.0,Stable,0,New
CPD-1660,train,0,120.0,Stable,0,Old
CPD-1661,train,2,36.35977322,Stable,0,New
CPD-1662,train,3,73.56,Stable,0,New
CPD-1663,train,1,96.14,Stable,0,Old
CPD-1664,train,1,86.54,Stable,0,Old
CPD-1665,train,4,120.0,Stable,0,New
CPD-1666,external_test,,120.0,Stable,0,New
CPD-1667,train,0,120.0,Stable,0,New
CPD-1668,external_test,,57.85,Stable,0,New
CPD-1669,train,4,71.93308183,Stable,0,New
CPD-1670,internal_test,,120.0,Stable,0,New
CPD-1671,train,1,12.15,Unstable,1,Old
CPD-1672,train,0,120.0,Stable,0,Old
CPD-1673,train,0,120.0,Stable,0,New
CPD-1674,train,1,36.05,Stable,0,Old
CPD-1675,train,4,120.0,Stable,0,Old
CPD-1676,train,2,120.0,Stable,0,Old
CPD-1677,train,0,120.0,Stable,0,Old
CPD-1678,train,1,117.14,Stable,0,Old
CPD-1681,train,2,120.0,Stable,0,Old
CPD-1682,train,1,120.0,Stable,0,New
CPD-1683,train,0,120.0,Stable,0,New
CPD-1684,train,2,120.0,Stable,0,New
CPD-1685,train,3,113.1,Stable,0,Old
CPD-1686,train,3,120.0,Stable,0,New
CPD-1687,train,4,120.0,Stable,0,Old
CPD-1688,internal_test,,120.0,Stable,0,New
CPD-1689,train,2,120.0,Stable,0,New
CPD-1690,internal_test,,120.0,Stable,0,New
CPD-1691,train,0,120.0,Stable,0,New
CPD-1692,external_test,,13.61,Unstable,1,Old
CPD-1693,train,0,40.7,Stable,0,Old
CPD-1694,train,0,120.0,Stable,0,New
CPD-1695,train,3,120.0,Stable,0,Old
CPD-1696,train,4,75.23,Stable,0,Old
CPD-1697,train,4,120.0,Stable,0,Old
CPD-1698,train,3,120.0,Stable,0,Old
CPD-1699,internal_test,,103.7,Stable,0,New
CPD-1700,external_test,,120.0,Stable,0,New
CPD-1701,train,3,120.0,Stable,0,New
CPD-1702,train,2,120.0,Stable,0,New
CPD-1703,external_test,,120.0,Stable,0,New
CPD-1704,train,3,4.76,Unstable,1,Old
CPD-1706,train,4,25.92353856,Unstable,1,New
CPD-1707,train,1,120.0,Stable,0,New
CPD-1708,train,0,120.0,Stable,0,Old
CPD-1709,train,4,120.0,Stable,0,Old
CPD-1710,internal_test,,120.0,Stable,0,New
CPD-1711,train,2,88.33,Stable,0,New
CPD-1713,internal_test,,120.0,Stable,0,Old
CPD-1714,train,2,120.0,Stable,0,New
CPD-1715,train,2,120.0,Stable,0,New
CPD-1716,train,2,120.0,Stable,0,New
CPD-1717,internal_test,,120.0,Stable,0,New
CPD-1718,train,0,117.38,Stable,0,Old
CPD-1719,external_test,,75.14,Stable,0,New
CPD-1721,train,1,81.52,Stable,0,Old
CPD-1722,train,0,120.0,Stable,0,Old
CPD-1723,internal_test,,120.0,Stable,0,New
CPD-1724,train,1,118.83,Stable,0,Old
CPD-1725,internal_test,,120.0,Stable,0,Old
CPD-1726,train,0,68.62,Stable,0,Old
CPD-1727,train,0,118.03,Stable,0,New
CPD-1728,train,4,120.0,Stable,0,New
CPD-1729,train,2,120.0,Stable,0,New
CPD-1730,external_test,,120.0,Stable,0,New
CPD-1731,train,3,120.0,Stable,0,New
CPD-1732,train,3,92.44,Stable,0,Old
CPD-1733,external_test,,101.94,Stable,0,Old
CPD-1734,external_test,,120.0,Stable,0,New
CPD-1736,train,2,54.01,Stable,0,Old
CPD-1737,train,1,45.44,Stable,0,Old
CPD-1738,train,3,120.0,Stable,0,Old
CPD-1739,internal_test,,62.28,Stable,0,Old
CPD-1740,train,2,120.0,Stable,0,New
CPD-1741,internal_test,,120.0,Stable,0,New
CPD-1742,train,2,76.78521962,Stable,0,New
CPD-1743,train,2,120.0,Stable,0,New
CPD-1744,train,2,120.0,Stable,0,New
CPD-1745,train,0,38.16,Stable,0,Old
CPD-1746,train,3,120.0,Stable,0,Old
CPD-1747,train,4,120.0,Stable,0,Old
CPD-1748,train,1,120.0,Stable,0,New
CPD-1749,train,1,120.0,Stable,0,New
CPD-1750,internal_test,,107.44,Stable,0,Old
CPD-1751,external_test,,120.0,Stable,0,New
CPD-1752,train,0,12.21,Unstable,1,Old
CPD-1753,train,1,120.0,Stable,0,New
CPD-1754,train,0,120.0,Stable,0,New
CPD-1755,train,4,120.0,Stable,0,New
CPD-1756,train,1,112.96,Stable,0,Old
CPD-1757,train,2,103.78,Stable,0,Old
CPD-1758,train,4,97.87,Stable,0,New
CPD-1759,train,4,120.0,Stable,0,New
CPD-1760,train,4,120.0,Stable,0,Old
CPD-1761,train,3,120.0,Stable,0,New
CPD-1762,train,2,43.33,Stable,0,New
CPD-1763,train,2,108.1,Stable,0,Old
CPD-1764,train,4,120.0,Stable,0,New
CPD-1765,train,2,120.0,Stable,0,Old
CPD-1766,train,4,120.0,Stable,0,Old
CPD-1767,train,1,120.0,Stable,0,New
CPD-1768,train,2,120.0,Stable,0,New
CPD-1769,train,1,80.37,Stable,0,New
CPD-1770,train,2,111.09,Stable,0,New
CPD-1771,train,1,120.0,Stable,0,New
CPD-1772,train,0,120.0,Stable,0,New
CPD-1773,internal_test,,120.0,Stable,0,New
CPD-1774,train,1,120.0,Stable,0,New
CPD-1775,train,3,14.42,Unstable,1,Old
CPD-1776,train,0,120.0,Stable,0,Old
CPD-1777,train,4,120.0,Stable,0,New
CPD-1778,train,3,87.05,Stable,0,Old
CPD-1779,train,0,3.58,Unstable,1,Old
CPD-1780,external_test,,120.0,Stable,0,New
CPD-1781,train,1,29.44,Unstable,1,New
CPD-1782,train,0,90.03,Stable,0,New
CPD-1783,train,0,120.0,Stable,0,Old
CPD-1784,train,2,120.0,Stable,0,New
CPD-1785,train,1,120.0,Stable,0,New
CPD-1786,external_test,,101.74,Stable,0,Old
CPD-1787,train,3,120.0,Stable,0,New
CPD-1788,train,4,120.0,Stable,0,New
CPD-1789,internal_test,,120.0,Stable,0,New
CPD-1790,train,4,120.0,Stable,0,Old
CPD-1791,train,0,120.0,Stable,0,Old
CPD-1792,external_test,,120.0,Stable,0,Old
CPD-1793,internal_test,,120.0,Stable,0,Old
CPD-1794,external_test,,120.0,Stable,0,New
CPD-1795,external_test,,120.0,Stable,0,Old
CPD-1796,train,4,0.97,Unstable,1,Old
CPD-1797,train,0,120.0,Stable,0,Old
CPD-1798,train,2,120.0,Stable,0,New
CPD-1799,train,1,16.7,Unstable,1,Old
CPD-1800,train,4,120.0,Stable,0,New
CPD-1801,external_test,,120.0,Stable,0,New
CPD-1802,train,1,120.0,Stable,0,Old
CPD-1803,train,1,120.0,Stable,0,New
CPD-1805,external_test,,120.0,Stable,0,New
CPD-1806,train,3,72.87,Stable,0,Old
CPD-1807,train,3,120.0,Stable,0,Old
CPD-1808,train,3,120.0,Stable,0,New
CPD-1809,external_test,,120.0,Stable,0,New
CPD-1811,train,4,12.61,Unstable,1,Old
CPD-1812,train,4,120.0,Stable,0,New
CPD-1813,train,0,120.0,Stable,0,Old
CPD-1814,train,0,107.05,Stable,0,New
CPD-1815,train,2,120.0,Stable,0,Old
CPD-1816,train,4,120.0,Stable,0,New
CPD-1817,train,2,120.0,Stable,0,New
CPD-1818,train,0,120.0,Stable,0,Old
CPD-1820,train,2,120.0,Stable,0,New
CPD-1821,external_test,,120.0,Stable,0,New
CPD-1822,train,4,91.21,Stable,0,Old
CPD-1823,train,3,120.0,Stable,0,Old
CPD-1824,train,1,120.0,Stable,0,New
CPD-1825,train,3,120.0,Stable,0,New
CPD-1826,train,3,55.4,Stable,0,Old
CPD-1827,train,4,120.0,Stable,0,Old
CPD-1828,train,2,113.97,Stable,0,Old
CPD-1829,train,3,0.84,Unstable,1,Old
CPD-1830,train,3,120.0,Stable,0,New
CPD-1831,train,0,32.32,Stable,0,New
CPD-1834,train,0,91.61,Stable,0,New
CPD-1835,external_test,,115.1,Stable,0,Old
CPD-1836,train,2,120.0,Stable,0,New
CPD-1837,internal_test,,120.0,Stable,0,Old
CPD-1838,train,0,120.0,Stable,0,Old
CPD-1839,train,1,120.0,Stable,0,New
CPD-1840,train,0,120.0,Stable,0,Old
CPD-1841,train,0,120.0,Stable,0,New
CPD-1842,train,3,120.0,Stable,0,New
CPD-1843,train,3,120.0,Stable,0,New
CPD-1844,train,3,120.0,Stable,0,Old
CPD-1845,internal_test,,54.97,Stable,0,New
CPD-1846,train,1,80.11,Stable,0,Old
CPD-1847,train,2,120.0,Stable,0,New
CPD-1848,train,2,120.0,Stable,0,Old
CPD-1849,train,3,64.61,Stable,0,New
CPD-1850,train,0,120.0,Stable,0,Old
CPD-1852,train,4,120.0,Stable,0,New
CPD-1853,train,1,120.0,Stable,0,Old
CPD-1854,train,0,120.0,Stable,0,Old
CPD-1855,train,1,107.51,Stable,0,Old
CPD-1856,train,1,120.0,Stable,0,New
CPD-1857,train,4,120.0,Stable,0,Old
CPD-1858,train,0,97.58,Stable,0,New
CPD-1859,train,1,21.2,Unstable,1,Old
CPD-1860,internal_test,,120.0,Stable,0,Old
CPD-1861,train,1,120.0,Stable,0,New
CPD-1862,train,2,120.0,Stable,0,New
CPD-1865,train,2,120.0,Stable,0,New
CPD-1866,internal_test,,120.0,Stable,0,New
CPD-1867,train,3,120.0,Stable,0,New
CPD-1868,train,3,79.64,Stable,0,Old
CPD-1869,train,3,120.0,Stable,0,Old
CPD-1870,train,1,120.0,Stable,0,Old
CPD-1871,train,4,120.0,Stable,0,New
CPD-1872,train,3,120.0,Stable,0,New
CPD-1873,internal_test,,12.36,Unstable,1,New
CPD-1874,train,4,104.37,Stable,0,New
CPD-1875,train,4,119.57,Stable,0,Old
CPD-1876,external_test,,120.0,Stable,0,New
CPD-1877,train,2,120.0,Stable,0,New
CPD-1878,train,3,104.0,Stable,0,New
CPD-1879,external_test,,120.0,Stable,0,Old
CPD-1880,train,2,120.0,Stable,0,Old
CPD-1881,train,4,120.0,Stable,0,Old
CPD-1882,train,0,120.0,Stable,0,Old
CPD-1883,internal_test,,120.0,Stable,0,New
CPD-1884,train,1,120.0,Stable,0,New
CPD-1885,train,4,120.0,Stable,0,New
CPD-1887,train,2,120.0,Stable,0,New
CPD-1888,train,4,120.0,Stable,0,Old
CPD-1889,train,3,120.0,Stable,0,New
CPD-1890,train,0,120.0,Stable,0,New
CPD-1891,train,1,31.75,Stable,0,Old
CPD-1892,train,0,29.0,Unstable,1,Old
CPD-1893,train,4,120.0,Stable,0,Old
CPD-1894,train,4,120.0,Stable,0,New
CPD-1895,train,0,87.41,Stable,0,New
CPD-1896,internal_test,,120.0,Stable,0,New
CPD-1897,train,2,106.65,Stable,0,Old
CPD-1898,external_test,,120.0,Stable,0,New
CPD-1899,train,4,120.0,Stable,0,New
CPD-1900,train,0,62.32,Stable,0,New
CPD-1901,train,1,17.22,Unstable,1,Old
CPD-1903,train,4,120.0,Stable,0,Old
CPD-1905,train,2,120.0,Stable,0,New
CPD-1906,train,1,120.0,Stable,0,New
CPD-1907,train,0,78.79,Stable,0,New
CPD-1908,internal_test,,111.22,Stable,0,New
CPD-1909,train,1,120.0,Stable,0,New
CPD-1910,internal_test,,79.03,Stable,0,Old
CPD-1911,train,3,120.0,Stable,0,New
CPD-1913,train,2,120.0,Stable,0,New
CPD-1914,train,3,102.0,Stable,0,Old
CPD-1915,train,2,104.37,Stable,0,Old
CPD-1916,train,4,104.2072136,Stable,0,New
CPD-1917,train,1,120.0,Stable,0,Old
CPD-1918,train,4,120.0,Stable,0,New
CPD-1919,internal_test,,120.0,Stable,0,New
CPD-1920,train,2,120.0,Stable,0,New
CPD-1921,train,3,120.0,Stable,0,Old
CPD-1922,train,3,37.44326807,Stable,0,New
CPD-1923,internal_test,,120.0,Stable,0,Old
CPD-1924,train,3,68.2,Stable,0,New
CPD-1925,train,4,120.0,Stable,0,New
CPD-1927,train,2,120.0,Stable,0,New
CPD-1928,external_test,,51.26,Stable,0,New
CPD-1929,train,3,120.0,Stable,0,New
CPD-1930,train,0,120.0,Stable,0,Old
CPD-1931,train,3,120.0,Stable,0,New
CPD-1932,train,2,120.0,Stable,0,New
CPD-1933,train,3,98.04,Stable,0,Old
CPD-1934,train,4,120.0,Stable,0,Old
CPD-1935,train,3,29.6323691,Unstable,1,New
CPD-1936,train,3,85.5,Stable,0,Old
CPD-1937,train,2,120.0,Stable,0,New
CPD-1938,train,3,120.0,Stable,0,New
CPD-1939,train,0,120.0,Stable,0,New
CPD-1942,train,2,120.0,Stable,0,New
CPD-1943,train,4,11.33,Unstable,1,New
CPD-1944,train,1,120.0,Stable,0,New
CPD-1945,train,2,119.05,Stable,0,New
CPD-1946,external_test,,88.73,Stable,0,New
CPD-1947,external_test,,120.0,Stable,0,New
CPD-1948,train,1,120.0,Stable,0,Old
CPD-1949,internal_test,,40.5,Stable,0,Old
CPD-1950,train,3,110.21,Stable,0,Old
CPD-1951,train,4,10.55,Unstable,1,Old
CPD-1953,train,0,120.0,Stable,0,Old
CPD-1954,internal_test,,120.0,Stable,0,New
CPD-1955,train,0,110.21,Stable,0,Old
CPD-1956,train,1,103.96,Stable,0,Old
CPD-1959,train,3,60.01,Stable,0,New
CPD-1960,train,1,120.0,Stable,0,Old
CPD-1961,external_test,,104.18,Stable,0,New
CPD-1962,internal_test,,120.0,Stable,0,New
CPD-1963,train,3,120.0,Stable,0,New
CPD-1964,train,2,120.0,Stable,0,New
CPD-1965,train,3,120.0,Stable,0,New
CPD-1966,train,2,120.0,Stable,0,New
CPD-1967,train,2,91.47320286,Stable,0,New
CPD-1968,train,0,120.0,Stable,0,New
CPD-1969,train,3,120.0,Stable,0,New
CPD-1970,train,2,120.0,Stable,0,New
CPD-1971,internal_test,,120.0,Stable,0,New
CPD-1972,train,4,9.06,Unstable,1,New
CPD-1974,train,0,87.69,Stable,0,Old
CPD-1975,train,1,105.17,Stable,0,New
CPD-1976,train,2,120.0,Stable,0,Old
CPD-1977,train,2,120.0,Stable,0,Old
CPD-1978,train,4,63.90309114,Stable,0,New
CPD-1979,train,3,14.54,Unstable,1,Old
CPD-1980,train,3,120.0,Stable,0,Old
CPD-1981,train,1,120.0,Stable,0,Old
CPD-1983,train,2,101.29,Stable,0,New
CPD-1984,train,2,120.0,Stable,0,New
CPD-1985,train,0,103.61,Stable,0,Old
CPD-1986,train,2,75.37,Stable,0,New
CPD-1987,train,1,118.0,Stable,0,Old
CPD-1989,train,3,120.0,Stable,0,New
CPD-1990,external_test,,120.0,Stable,0,Old
CPD-1991,internal_test,,120.0,Stable,0,Old
CPD-1992,train,4,110.18,Stable,0,New
CPD-1993,train,2,73.00890377,Stable,0,New
CPD-1994,train,1,120.0,Stable,0,Old
CPD-1995,train,2,101.63,Stable,0,Old
CPD-1996,train,0,120.0,Stable,0,Old
CPD-1998,external_test,,120.0,Stable,0,Old
CPD-1999,train,0,120.0,Stable,0,New
CPD-2000,train,3,120.0,Stable,0,New
CPD-2002,train,4,120.0,Stable,0,New
CPD-2003,train,0,67.1,Stable,0,New
CPD-2004,train,0,120.0,Stable,0,Old
CPD-2005,external_test,,79.77082534,Stable,0,New
CPD-2006,train,4,120.0,Stable,0,New
CPD-2007,train,1,120.0,Stable,0,Old
CPD-2008,train,3,85.51,Stable,0,New
CPD-2009,external_test,,3.98,Unstable,1,Old
CPD-2010,train,0,120.0,Stable,0,New
CPD-2011,train,3,120.0,Stable,0,Old
CPD-2012,external_test,,25.35,Unstable,1,New
CPD-2013,train,1,120.0,Stable,0,Old
CPD-2014,train,0,120.0,Stable,0,New
CPD-2015,train,1,104.36,Stable,0,New
CPD-2016,external_test,,80.67,Stable,0,Old
CPD-2017,train,1,120.0,Stable,0,New
CPD-2018,train,2,120.0,Stable,0,New
CPD-2019,train,1,92.68,Stable,0,Old
CPD-2020,train,0,120.0,Stable,0,Old
CPD-2021,train,0,120.0,Stable,0,New
CPD-2022,train,2,120.0,Stable,0,New
CPD-2023,train,2,120.0,Stable,0,Old
CPD-2024,internal_test,,120.0,Stable,0,New
CPD-2025,train,0,116.65,Stable,0,New
CPD-2026,train,2,120.0,Stable,0,New
CPD-2027,train,4,4.74,Unstable,1,New
CPD-2028,train,0,120.0,Stable,0,Old
CPD-2029,train,1,120.0,Stable,0,New
CPD-2030,train,0,120.0,Stable,0,New
CPD-2031,train,0,21.85,Unstable,1,Old
CPD-2032,train,3,120.0,Stable,0,Old
CPD-2033,train,4,120.0,Stable,0,New
CPD-2034,train,2,111.13,Stable,0,New
CPD-2037,train,1,120.0,Stable,0,Old
CPD-2038,train,2,87.77,Stable,0,Old
CPD-2039,external_test,,119.28,Stable,0,New
CPD-2040,external_test,,120.0,Stable,0,New
CPD-2041,external_test,,94.98,Stable,0,New
CPD-2042,train,1,40.58871623,Stable,0,New
CPD-2043,train,4,120.0,Stable,0,New
CPD-2044,train,3,57.62,Stable,0,New
CPD-2045,train,1,120.0,Stable,0,Old
CPD-2047,train,4,120.0,Stable,0,New
CPD-2048,internal_test,,120.0,Stable,0,New
CPD-2049,external_test,,44.19,Stable,0,Old
CPD-2050,train,1,120.0,Stable,0,New
CPD-2051,train,1,57.84,Stable,0,New
CPD-2052,train,4,87.03,Stable,0,Old
CPD-2053,external_test,,36.97,Stable,0,New
CPD-2054,train,4,120.0,Stable,0,New
CPD-2055,train,3,7.42,Unstable,1,Old
CPD-2056,train,1,120.0,Stable,0,Old
CPD-2058,train,2,73.74,Stable,0,Old
CPD-2059,train,1,120.0,Stable,0,New
CPD-2060,internal_test,,120.0,Stable,0,Old
CPD-2061,train,1,120.0,Stable,0,Old
CPD-2062,external_test,,120.0,Stable,0,Old
CPD-2063,train,0,31.42,Stable,0,Old
CPD-2064,train,4,39.69,Stable,0,New
CPD-2065,train,3,120.0,Stable,0,Old
CPD-2066,train,3,120.0,Stable,0,New
CPD-2067,train,4,120.0,Stable,0,New
CPD-2068,train,4,120.0,Stable,0,New
CPD-2069,train,3,105.56,Stable,0,New
CPD-2070,internal_test,,80.12,Stable,0,Old
CPD-2071,internal_test,,3.83,Unstable,1,New
CPD-2072,train,1,120.0,Stable,0,New
CPD-2073,internal_test,,120.0,Stable,0,New
CPD-2074,train,1,120.0,Stable,0,New
CPD-2075,train,0,25.63,Unstable,1,Old
CPD-2076,internal_test,,120.0,Stable,0,Old
CPD-2077,train,4,120.0,Stable,0,Old
CPD-2078,external_test,,120.0,Stable,0,New
CPD-2079,train,0,116.24,Stable,0,New
CPD-2080,train,0,120.0,Stable,0,Old
CPD-2081,train,0,120.0,Stable,0,Old
CPD-2082,train,2,120.0,Stable,0,New
CPD-2083,train,3,120.0,Stable,0,New
CPD-2084,train,2,120.0,Stable,0,New
CPD-2085,train,0,52.03,Stable,0,New
CPD-2086,internal_test,,117.42,Stable,0,New
CPD-2087,train,3,22.92,Unstable,1,Old
CPD-2088,internal_test,,80.31,Stable,0,New
CPD-2090,internal_test,,120.0,Stable,0,Old
CPD-2091,train,3,120.0,Stable,0,New
CPD-2092,train,0,41.0,Stable,0,Old
CPD-2093,train,1,120.0,Stable,0,Old
CPD-2094,train,2,120.0,Stable,0,New
CPD-2097,train,4,104.55,Stable,0,New
CPD-2098,external_test,,67.4716335,Stable,0,New
CPD-2099,train,0,4.73,Unstable,1,Old
CPD-2100,train,2,120.0,Stable,0,New
CPD-2101,train,0,120.0,Stable,0,Old
CPD-2102,internal_test,,95.93,Stable,0,New
CPD-2103,train,2,119.0,Stable,0,New
CPD-2104,train,3,120.0,Stable,0,Old
CPD-2105,train,3,120.0,Stable,0,Old
CPD-2106,train,0,12.7,Unstable,1,Old
CPD-2107,external_test,,120.0,Stable,0,Old
CPD-2109,internal_test,,11.73,Unstable,1,Old
CPD-2110,train,1,120.0,Stable,0,Old
CPD-2111,train,2,120.0,Stable,0,New
CPD-2112,train,0,120.0,Stable,0,Old
CPD-2114,external_test,,63.87,Stable,0,Old
CPD-2115,train,4,78.18582259,Stable,0,New
CPD-2116,external_test,,40.52,Stable,0,New
CPD-2118,train,4,71.18,Stable,0,New
CPD-2119,train,1,120.0,Stable,0,Old
CPD-2121,train,2,120.0,Stable,0,New
CPD-2122,train,2,120.0,Stable,0,New
CPD-2123,train,1,107.79,Stable,0,Old
CPD-2124,external_test,,120.0,Stable,0,Old
CPD-2125,internal_test,,120.0,Stable,0,Old
CPD-2126,internal_test,,120.0,Stable,0,Old
CPD-2129,train,1,120.0,Stable,0,New
CPD-2130,internal_test,,120.0,Stable,0,New
CPD-2131,train,0,32.75406479,Stable,0,New
CPD-2132,train,4,120.0,Stable,0,New
CPD-2133,train,4,120.0,Stable,0,Old
CPD-2134,external_test,,120.0,Stable,0,New
CPD-2135,train,4,120.0,Stable,0,New
CPD-2136,train,1,120.0,Stable,0,New
CPD-2137,train,4,2.51,Unstable,1,New
CPD-2138,train,3,120.0,Stable,0,New
CPD-2139,external_test,,42.82,Stable,0,New
CPD-2140,train,0,23.64,Unstable,1,Old
CPD-2141,train,4,120.0,Stable,0,Old
CPD-2142,internal_test,,120.0,Stable,0,New
CPD-2143,train,1,120.0,Stable,0,New
CPD-2144,external_test,,120.0,Stable,0,New
CPD-2145,train,1,120.0,Stable,0,Old
CPD-2146,train,1,111.15,Stable,0,Old
CPD-2147,train,1,120.0,Stable,0,New
CPD-2149,internal_test,,31.23,Stable,0,New
CPD-2150,train,4,120.0,Stable,0,Old
CPD-2151,train,1,120.0,Stable,0,Old
CPD-2152,external_test,,15.69,Unstable,1,Old
CPD-2153,train,3,102.52,Stable,0,Old
CPD-2154,internal_test,,120.0,Stable,0,New
CPD-2155,train,1,8.86,Unstable,1,Old
CPD-2156,train,0,120.0,Stable,0,New
CPD-2157,train,4,120.0,Stable,0,Old
CPD-2158,train,2,120.0,Stable,0,Old
CPD-2159,train,1,120.0,Stable,0,New
CPD-2160,train,0,12.78,Unstable,1,Old
CPD-2161,train,4,11.92,Unstable,1,Old
CPD-2162,train,1,77.59,Stable,0,Old
CPD-2163,train,3,23.71,Unstable,1,Old
CPD-2164,external_test,,120.0,Stable,0,Old
CPD-2165,train,3,2.26,Unstable,1,Old
CPD-2166,train,1,120.0,Stable,0,Old
CPD-2167,train,2,60.6,Stable,0,New
CPD-2168,train,3,120.0,Stable,0,Old
CPD-2170,train,2,120.0,Stable,0,New
CPD-2171,train,4,120.0,Stable,0,New
CPD-2172,external_test,,120.0,Stable,0,New
CPD-2173,train,2,120.0,Stable,0,Old
CPD-2174,train,4,105.0,Stable,0,New
CPD-2175,train,3,120.0,Stable,0,Old
CPD-2177,train,3,120.0,Stable,0,Old
CPD-2178,train,2,120.0,Stable,0,New
CPD-2179,train,3,54.85,Stable,0,Old
CPD-2180,internal_test,,120.0,Stable,0,New
CPD-2181,train,4,120.0,Stable,0,Old
CPD-2182,train,2,120.0,Stable,0,Old
CPD-2183,train,4,120.0,Stable,0,New
CPD-2185,train,1,120.0,Stable,0,Old
CPD-2186,train,4,120.0,Stable,0,Old
CPD-2187,train,0,90.15,Stable,0,Old
CPD-2188,train,2,61.35,Stable,0,New
CPD-2189,train,0,55.36535103,Stable,0,New
CPD-2190,train,0,120.0,Stable,0,Old
CPD-2191,train,3,120.0,Stable,0,New
CPD-2193,train,1,120.0,Stable,0,New
CPD-2194,train,4,120.0,Stable,0,New
CPD-2195,train,2,120.0,Stable,0,Old
CPD-2196,external_test,,99.06,Stable,0,New
CPD-2197,internal_test,,120.0,Stable,0,New
CPD-2198,train,3,120.0,Stable,0,New
CPD-2199,train,2,120.0,Stable,0,New
CPD-2200,train,1,13.2,Unstable,1,New
CPD-2201,external_test,,8.48,Unstable,1,New
CPD-2202,internal_test,,71.15,Stable,0,Old
CPD-2203,train,4,120.0,Stable,0,Old
CPD-2204,train,0,17.43,Unstable,1,New
CPD-2205,train,1,57.19,Stable,0,Old
CPD-2206,train,0,120.0,Stable,0,Old
CPD-2207,train,4,66.18,Stable,0,Old
CPD-2208,train,4,120.0,Stable,0,New
CPD-2209,train,2,120.0,Stable,0,New
CPD-2210,train,2,107.29,Stable,0,Old
CPD-2211,external_test,,107.61,Stable,0,New
CPD-2212,train,4,12.5202096,Unstable,1,New
CPD-2213,train,3,88.23,Stable,0,New
CPD-2214,train,3,120.0,Stable,0,Old
CPD-2215,train,3,120.0,Stable,0,Old
CPD-2216,external_test,,120.0,Stable,0,Old
CPD-2217,train,4,120.0,Stable,0,New
CPD-2218,train,1,18.35,Unstable,1,Old
CPD-2219,train,0,120.0,Stable,0,Old
CPD-2220,train,3,120.0,Stable,0,New
CPD-2222,train,0,120.0,Stable,0,New
CPD-2223,internal_test,,120.0,Stable,0,Old
CPD-2224,train,1,120.0,Stable,0,New
CPD-2225,train,3,120.0,Stable,0,Old
CPD-2226,train,3,11.74,Unstable,1,Old
CPD-2227,train,1,120.0,Stable,0,Old
CPD-2228,external_test,,120.0,Stable,0,New
CPD-2229,train,3,120.0,Stable,0,New
CPD-2230,train,2,88.95,Stable,0,New
CPD-2231,train,1,17.74,Unstable,1,Old
CPD-2232,train,4,120.0,Stable,0,Old
CPD-2233,train,3,120.0,Stable,0,Old
CPD-2234,train,3,120.0,Stable,0,Old
CPD-2235,train,0,100.5,Stable,0,Old
CPD-2236,train,1,120.0,Stable,0,Old
CPD-2237,internal_test,,62.64,Stable,0,New
CPD-2239,train,0,120.0,Stable,0,New
CPD-2240,train,3,120.0,Stable,0,Old
CPD-2241,train,4,13.53,Unstable,1,New
CPD-2242,train,1,120.0,Stable,0,Old
CPD-2243,train,4,104.9635383,Stable,0,New
CPD-2244,train,2,109.68,Stable,0,New
CPD-2245,train,0,120.0,Stable,0,Old
CPD-2246,train,2,120.0,Stable,0,New
CPD-2247,train,1,31.5,Stable,0,New
CPD-2248,train,4,16.33,Unstable,1,Old
CPD-2249,train,4,120.0,Stable,0,New
CPD-2250,train,0,120.0,Stable,0,Old
CPD-2251,train,4,112.2,Stable,0,Old
CPD-2252,train,0,120.0,Stable,0,New
CPD-2253,train,0,120.0,Stable,0,Old
CPD-2254,train,2,101.59,Stable,0,Old
CPD-2255,train,0,120.0,Stable,0,New
CPD-2256,train,2,120.0,Stable,0,Old
CPD-2257,internal_test,,120.0,Stable,0,New
CPD-2258,train,3,32.90869335,Stable,0,New
CPD-2259,train,4,10.49,Unstable,1,Old
CPD-2260,train,4,120.0,Stable,0,New
CPD-2262,train,0,120.0,Stable,0,New
CPD-2263,external_test,,79.55629375,Stable,0,New
CPD-2264,train,3,120.0,Stable,0,Old
CPD-2265,train,2,120.0,Stable,0,New
CPD-2266,train,3,120.0,Stable,0,New
CPD-2267,train,2,91.37,Stable,0,New
CPD-2268,train,0,97.66,Stable,0,New
CPD-2269,train,4,22.39,Unstable,1,New
CPD-2270,external_test,,120.0,Stable,0,New
CPD-2271,train,4,92.76,Stable,0,Old
CPD-2272,train,2,76.85,Stable,0,New
CPD-2273,train,2,43.86,Stable,0,Old
CPD-2275,train,4,57.22,Stable,0,Old
CPD-2276,train,4,30.35032425,Stable,0,New
CPD-2277,train,1,120.0,Stable,0,New
CPD-2278,train,4,120.0,Stable,0,Old
CPD-2279,train,3,120.0,Stable,0,Old
CPD-2281,internal_test,,62.38,Stable,0,Old
CPD-2282,train,0,120.0,Stable,0,Old
CPD-2283,train,1,99.62,Stable,0,New
CPD-2284,external_test,,120.0,Stable,0,New
CPD-2285,external_test,,120.0,Stable,0,New
CPD-2286,train,4,120.0,Stable,0,Old
CPD-2287,train,1,120.0,Stable,0,Old
CPD-2288,train,1,95.89,Stable,0,New
CPD-2289,train,3,120.0,Stable,0,New
CPD-2290,train,0,120.0,Stable,0,Old
CPD-2291,train,2,120.0,Stable,0,New
CPD-2292,train,3,101.22,Stable,0,Old
CPD-2293,external_test,,120.0,Stable,0,New
CPD-2295,train,2,120.0,Stable,0,New
CPD-2296,train,1,120.0,Stable,0,New
CPD-2297,train,4,120.0,Stable,0,Old
CPD-2298,internal_test,,120.0,Stable,0,New
CPD-2299,train,0,120.0,Stable,0,New
CPD-2300,internal_test,,120.0,Stable,0,New
CPD-2302,internal_test,,120.0,Stable,0,New
CPD-2304,train,0,37.9,Stable,0,Old
CPD-2305,train,4,64.32,Stable,0,New
CPD-2306,external_test,,120.0,Stable,0,New
CPD-2307,train,3,120.0,Stable,0,New
CPD-2308,train,1,83.34,Stable,0,New
CPD-2309,internal_test,,120.0,Stable,0,New
CPD-2310,train,2,120.0,Stable,0,Old
CPD-2311,external_test,,92.38,Stable,0,New
CPD-2312,train,4,80.95,Stable,0,Old
CPD-2313,train,3,120.0,Stable,0,New
CPD-2314,external_test,,120.0,Stable,0,Old
CPD-2315,train,2,10.83,Unstable,1,New
CPD-2316,train,3,120.0,Stable,0,Old
CPD-2317,train,2,120.0,Stable,0,Old
CPD-2318,train,0,120.0,Stable,0,New
CPD-2319,external_test,,64.38,Stable,0,New
CPD-2320,train,3,120.0,Stable,0,New
CPD-2321,train,4,10.43,Unstable,1,New
CPD-2322,train,3,120.0,Stable,0,New
CPD-2323,train,3,49.07,Stable,0,Old
CPD-2325,external_test,,95.64,Stable,0,New
CPD-2326,train,0,120.0,Stable,0,Old
CPD-2327,internal_test,,95.25,Stable,0,New
CPD-2329,internal_test,,35.73,Stable,0,New
CPD-2330,train,4,90.03,Stable,0,Old
CPD-2331,train,4,120.0,Stable,0,New
CPD-2332,external_test,,120.0,Stable,0,New
CPD-2334,train,0,120.0,Stable,0,New
CPD-2335,train,4,104.72,Stable,0,Old
CPD-2336,train,2,120.0,Stable,0,New
CPD-2337,train,3,106.14,Stable,0,Old
CPD-2338,train,0,1.51,Unstable,1,Old
CPD-2339,train,0,118.63,Stable,0,New
CPD-2340,train,2,62.39,Stable,0,Old
CPD-2341,train,0,120.0,Stable,0,Old
CPD-2342,train,4,114.67,Stable,0,Old
CPD-2343,train,0,120.0,Stable,0,New
CPD-2344,train,3,90.52,Stable,0,Old
CPD-2345,train,1,120.0,Stable,0,New
CPD-2346,train,4,120.0,Stable,0,New
CPD-2347,train,1,120.0,Stable,0,New
CPD-2348,internal_test,,120.0,Stable,0,New
CPD-2349,train,0,114.76,Stable,0,Old
CPD-2350,train,4,120.0,Stable,0,Old
CPD-2351,train,1,120.0,Stable,0,New
CPD-2352,train,3,118.44,Stable,0,Old
CPD-2353,train,1,120.0,Stable,0,Old
CPD-2354,internal_test,,120.0,Stable,0,New
CPD-2355,internal_test,,120.0,Stable,0,Old
CPD-2356,train,2,120.0,Stable,0,New
CPD-2357,external_test,,84.72,Stable,0,New
CPD-2358,train,4,120.0,Stable,0,Old
CPD-2359,train,1,120.0,Stable,0,Old
CPD-2360,train,4,82.91,Stable,0,Old
CPD-2361,train,2,89.22,Stable,0,New
CPD-2362,train,2,120.0,Stable,0,New
CPD-2363,train,1,101.83,Stable,0,Old
CPD-2364,train,0,48.3,Stable,0,New
CPD-2366,internal_test,,102.7,Stable,0,Old
CPD-2367,train,2,120.0,Stable,0,New
CPD-2368,train,3,120.0,Stable,0,Old
CPD-2369,train,4,120.0,Stable,0,Old
CPD-2370,train,3,120.0,Stable,0,Old
CPD-2371,train,4,96.53,Stable,0,Old
CPD-2372,train,4,111.93,Stable,0,Old
CPD-2373,external_test,,120.0,Stable,0,Old
CPD-2374,train,3,120.0,Stable,0,New
CPD-2375,external_test,,97.38,Stable,0,New
CPD-2376,train,2,120.0,Stable,0,New
CPD-2377,train,4,98.93,Stable,0,Old
CPD-2378,train,4,120.0,Stable,0,New
CPD-2379,train,4,120.0,Stable,0,Old
CPD-2380,train,2,120.0,Stable,0,Old
CPD-2381,train,0,120.0,Stable,0,New
CPD-2382,train,4,120.0,Stable,0,New
CPD-2383,internal_test,,96.61,Stable,0,Old
CPD-2384,train,2,120.0,Stable,0,New
CPD-2385,train,0,120.0,Stable,0,New
CPD-2386,train,4,85.09,Stable,0,Old
CPD-2387,train,2,120.0,Stable,0,Old
CPD-2388,train,4,120.0,Stable,0,Old
CPD-2389,train,4,120.0,Stable,0,Old
CPD-2390,train,1,120.0,Stable,0,New
CPD-2391,external_test,,7.45,Unstable,1,Old
CPD-2392,train,1,0.69,Unstable,1,New
CPD-2394,train,2,120.0,Stable,0,New
CPD-2396,train,1,120.0,Stable,0,Old
CPD-2397,train,0,120.0,Stable,0,Old
CPD-2398,train,1,97.49,Stable,0,Old
CPD-2399,train,2,74.83,Stable,0,New
CPD-2400,train,2,120.0,Stable,0,New
CPD-2401,train,1,2.28,Unstable,1,Old
CPD-2402,train,3,108.18,Stable,0,New
CPD-2403,external_test,,120.0,Stable,0,New
CPD-2404,train,1,120.0,Stable,0,New
CPD-2405,internal_test,,120.0,Stable,0,Old
CPD-2406,train,1,120.0,Stable,0,Old
CPD-2407,internal_test,,120.0,Stable,0,Old
CPD-2408,train,1,120.0,Stable,0,Old
CPD-2409,train,2,120.0,Stable,0,New
CPD-2410,train,2,120.0,Stable,0,New
CPD-2411,internal_test,,120.0,Stable,0,New
CPD-2412,train,1,120.0,Stable,0,Old
CPD-2413,external_test,,120.0,Stable,0,New
CPD-2414,train,2,120.0,Stable,0,New
CPD-2415,internal_test,,120.0,Stable,0,Old
CPD-2416,train,4,120.0,Stable,0,New
CPD-2417,train,2,120.0,Stable,0,New
CPD-2418,train,3,120.0,Stable,0,New
CPD-2419,train,0,95.67,Stable,0,New
CPD-2420,train,2,120.0,Stable,0,New
CPD-2421,train,2,82.51,Stable,0,New
CPD-2423,internal_test,,120.0,Stable,0,New
CPD-2425,train,3,120.0,Stable,0,New
CPD-2426,internal_test,,62.52,Stable,0,New
CPD-2427,external_test,,120.0,Stable,0,New
CPD-2428,train,4,54.2032265,Stable,0,New
CPD-2429,train,1,120.0,Stable,0,New
CPD-2430,train,0,120.0,Stable,0,New
CPD-2431,train,2,103.15,Stable,0,New
CPD-2432,external_test,,58.5,Stable,0,Old
CPD-2433,internal_test,,120.0,Stable,0,Old
CPD-2434,train,3,120.0,Stable,0,Old
CPD-2435,train,3,96.31,Stable,0,Old
CPD-2436,train,0,120.0,Stable,0,New
CPD-2437,train,4,120.0,Stable,0,Old
CPD-2438,train,1,120.0,Stable,0,New
CPD-2439,train,0,120.0,Stable,0,Old
CPD-2440,train,3,120.0,Stable,0,New
CPD-2441,external_test,,73.46,Stable,0,New
CPD-2442,train,1,107.33,Stable,0,New
CPD-2443,external_test,,108.525754,Stable,0,New
CPD-2444,train,2,120.0,Stable,0,New
CPD-2445,train,0,120.0,Stable,0,New
CPD-2446,internal_test,,120.0,Stable,0,Old
CPD-2447,train,4,8.9,Unstable,1,Old
CPD-2448,train,2,111.26,Stable,0,Old
CPD-2449,train,1,120.0,Stable,0,New
CPD-2450,train,0,120.0,Stable,0,New
CPD-2451,external_test,,120.0,Stable,0,Old
CPD-2452,external_test,,120.0,Stable,0,Old
CPD-2453,train,0,120.0,Stable,0,New
CPD-2454,train,4,78.26,Stable,0,New
CPD-2455,train,4,120.0,Stable,0,Old
CPD-2456,external_test,,120.0,Stable,0,New
CPD-2457,external_test,,102.61,Stable,0,Old
CPD-2458,train,0,120.0,Stable,0,New
CPD-2459,train,4,120.0,Stable,0,New
CPD-2460,train,4,120.0,Stable,0,Old
CPD-2461,train,0,120.0,Stable,0,Old
CPD-2462,train,4,120.0,Stable,0,New
CPD-2463,train,2,120.0,Stable,0,Old
CPD-2465,internal_test,,120.0,Stable,0,New
CPD-2466,train,3,1.018904831,Unstable,1,New
CPD-2467,train,4,116.4,Stable,0,Old
CPD-2468,train,2,120.0,Stable,0,New
CPD-2469,external_test,,120.0,Stable,0,New
CPD-2470,train,2,120.0,Stable,0,New
CPD-2471,external_test,,120.0,Stable,0,Old
CPD-2473,internal_test,,107.83,Stable,0,Old
CPD-2474,train,3,120.0,Stable,0,New
CPD-2475,train,1,120.0,Stable,0,New
CPD-2476,train,0,69.32,Stable,0,Old
CPD-2477,train,0,107.53,Stable,0,New
CPD-2478,train,1,76.73,Stable,0,Old
CPD-2479,train,2,120.0,Stable,0,New
CPD-2480,train,1,4.06,Unstable,1,New
CPD-2481,train,0,120.0,Stable,0,New
CPD-2482,internal_test,,120.0,Stable,0,Old
CPD-2483,train,2,120.0,Stable,0,New
CPD-2484,train,3,120.0,Stable,0,New
CPD-2485,train,1,115.0,Stable,0,New
CPD-2486,train,4,120.0,Stable,0,Old
CPD-2487,train,2,120.0,Stable,0,New
CPD-2488,internal_test,,120.0,Stable,0,New
CPD-2489,internal_test,,120.0,Stable,0,New
CPD-2490,external_test,,103.7,Stable,0,New
CPD-2491,train,2,86.94,Stable,0,Old
CPD-2492,train,2,54.55,Stable,0,New
CPD-2493,train,3,120.0,Stable,0,New
CPD-2494,train,4,120.0,Stable,0,New
CPD-2495,external_test,,120.0,Stable,0,New
CPD-2496,train,3,91.62857046,Stable,0,New
CPD-2497,train,0,40.89,Stable,0,New
CPD-2498,train,2,120.0,Stable,0,New
CPD-2499,train,0,25.29,Unstable,1,New
CPD-2500,train,0,120.0,Stable,0,New
CPD-2501,train,4,56.81,Stable,0,Old
CPD-2502,train,2,104.38,Stable,0,New
CPD-2503,train,4,120.0,Stable,0,Old
CPD-2504,internal_test,,120.0,Stable,0,New
CPD-2505,train,3,120.0,Stable,0,Old
CPD-2506,train,1,93.72,Stable,0,New
CPD-2508,train,1,120.0,Stable,0,Old
CPD-2509,train,2,120.0,Stable,0,Old
CPD-2510,train,3,120.0,Stable,0,Old
CPD-2511,train,1,120.0,Stable,0,New
CPD-2512,train,4,107.0295468,Stable,0,New
CPD-2513,train,4,120.0,Stable,0,New
CPD-2514,train,2,120.0,Stable,0,Old
CPD-2515,train,3,79.37,Stable,0,Old
CPD-2516,train,1,120.0,Stable,0,New
CPD-2517,train,4,22.87995615,Unstable,1,New
CPD-2518,train,3,55.26,Stable,0,Old
CPD-2519,train,3,120.0,Stable,0,New
CPD-2519,train,3,120.0,Stable,0,New
CPD-2520,internal_test,,73.53,Stable,0,Old
CPD-2521,train,4,84.64,Stable,0,Old
CPD-2523,internal_test,,120.0,Stable,0,New
CPD-2524,train,4,120.0,Stable,0,Old
CPD-2525,train,1,8.37,Unstable,1,Old
CPD-2526,train,3,75.78,Stable,0,Old
CPD-2527,train,1,120.0,Stable,0,Old
CPD-2528,train,4,77.87,Stable,0,New
CPD-2529,train,0,120.0,Stable,0,Old
CPD-2530,train,3,120.0,Stable,0,Old
CPD-2531,internal_test,,2.11,Unstable,1,Old
CPD-2532,train,4,108.1328204,Stable,0,New
CPD-2534,train,3,120.0,Stable,0,New
CPD-2535,train,2,120.0,Stable,0,Old
CPD-2536,train,2,120.0,Stable,0,New
CPD-2537,train,3,120.0,Stable,0,Old
CPD-2538,train,2,77.19,Stable,0,New
CPD-2539,internal_test,,120.0,Stable,0,New
CPD-2541,train,0,48.46,Stable,0,New
CPD-2542,train,2,120.0,Stable,0,New
CPD-2543,train,0,77.9,Stable,0,Old
CPD-2544,train,1,120.0,Stable,0,New
CPD-2545,train,4,120.0,Stable,0,New
CPD-2546,train,4,120.0,Stable,0,New
CPD-2547,external_test,,120.0,Stable,0,New
CPD-2549,train,3,120.0,Stable,0,Old
CPD-2551,train,4,120.0,Stable,0,Old
CPD-2552,train,4,120.0,Stable,0,New
CPD-2553,train,0,120.0,Stable,0,Old
CPD-2554,train,1,120.0,Stable,0,New
CPD-2555,external_test,,120.0,Stable,0,Old
CPD-2556,train,1,120.0,Stable,0,Old
CPD-2557,train,0,97.94,Stable,0,Old
CPD-2558,train,2,120.0,Stable,0,New
CPD-2559,train,4,120.0,Stable,0,New
CPD-2560,train,1,120.0,Stable,0,New
CPD-2561,train,0,120.0,Stable,0,Old
CPD-2562,train,3,120.0,Stable,0,New
CPD-2563,train,3,64.26,Stable,0,Old
CPD-2564,train,3,120.0,Stable,0,New
CPD-2565,train,4,120.0,Stable,0,Old
CPD-2566,train,2,120.0,Stable,0,Old
CPD-2567,train,1,88.75,Stable,0,Old
CPD-2568,train,3,120.0,Stable,0,Old
CPD-2569,internal_test,,24.21,Unstable,1,Old
CPD-2571,train,2,120.0,Stable,0,New
CPD-2572,internal_test,,120.0,Stable,0,New
CPD-2573,external_test,,120.0,Stable,0,Old
CPD-2574,train,2,82.45,Stable,0,Old
CPD-2575,internal_test,,114.8,Stable,0,New
CPD-2576,train,2,116.0,Stable,0,New
CPD-2577,train,3,120.0,Stable,0,Old
CPD-2578,external_test,,120.0,Stable,0,Old
CPD-2579,train,0,120.0,Stable,0,New
CPD-2582,train,2,120.0,Stable,0,New
CPD-2583,external_test,,120.0,Stable,0,Old
CPD-2584,train,4,120.0,Stable,0,Old
CPD-2585,internal_test,,120.0,Stable,0,New
CPD-2586,train,1,120.0,Stable,0,New
CPD-2587,external_test,,60.81,Stable,0,New
CPD-2588,train,4,102.64,Stable,0,Old
CPD-2589,train,2,106.5818514,Stable,0,New
CPD-2590,external_test,,120.0,Stable,0,New
CPD-2591,train,4,120.0,Stable,0,New
CPD-2592,internal_test,,85.62,Stable,0,Old
CPD-2593,train,0,5.5,Unstable,1,Old
CPD-2594,train,0,63.27,Stable,0,New
CPD-2595,internal_test,,120.0,Stable,0,Old
CPD-2596,external_test,,1.109984487,Unstable,1,New
CPD-2597,train,4,120.0,Stable,0,Old
CPD-2599,train,4,120.0,Stable,0,New
CPD-2601,external_test,,80.47,Stable,0,New
CPD-2602,external_test,,120.0,Stable,0,New
CPD-2603,train,4,120.0,Stable,0,New
CPD-2604,internal_test,,120.0,Stable,0,New
CPD-2605,train,0,120.0,Stable,0,Old
CPD-2606,train,4,120.0,Stable,0,New
CPD-2607,train,0,120.0,Stable,0,New
CPD-2608,train,4,120.0,Stable,0,New
CPD-2609,external_test,,120.0,Stable,0,New
CPD-2611,external_test,,107.16,Stable,0,New
CPD-2612,train,0,120.0,Stable,0,Old
CPD-2613,train,0,62.35,Stable,0,New
CPD-2614,internal_test,,120.0,Stable,0,New
CPD-2615,train,3,120.0,Stable,0,New
CPD-2616,train,0,120.0,Stable,0,Old
CPD-2617,external_test,,13.47,Unstable,1,Old
CPD-2618,train,3,120.0,Stable,0,New
CPD-2619,train,0,120.0,Stable,0,Old
CPD-2620,train,2,120.0,Stable,0,New
CPD-2621,train,4,120.0,Stable,0,New
CPD-2623,train,4,120.0,Stable,0,New
CPD-2624,train,3,120.0,Stable,0,New
CPD-2625,train,2,120.0,Stable,0,New
CPD-2626,train,1,39.12,Stable,0,Old
CPD-2627,train,0,120.0,Stable,0,Old
CPD-2628,external_test,,104.27,Stable,0,New
CPD-2629,external_test,,65.92,Stable,0,New
CPD-2630,train,1,59.12,Stable,0,Old
CPD-2631,train,3,120.0,Stable,0,New
CPD-2632,train,0,82.24,Stable,0,Old
CPD-2633,train,3,120.0,Stable,0,Old
CPD-2634,train,2,120.0,Stable,0,Old
CPD-2636,external_test,,120.0,Stable,0,Old
CPD-2637,train,0,113.58,Stable,0,Old
CPD-2638,train,2,120.0,Stable,0,New
CPD-2639,train,0,120.0,Stable,0,New
CPD-2640,train,0,120.0,Stable,0,New
CPD-2641,train,3,120.0,Stable,0,New
CPD-2642,external_test,,120.0,Stable,0,Old
CPD-2643,train,3,120.0,Stable,0,Old
CPD-2644,train,0,120.0,Stable,0,New
CPD-2645,train,0,120.0,Stable,0,New
CPD-2646,train,1,120.0,Stable,0,New
CPD-2647,train,1,5.75,Unstable,1,New
CPD-2648,internal_test,,68.3,Stable,0,New
CPD-2649,external_test,,34.85,Stable,0,New
CPD-2650,train,4,120.0,Stable,0,New
CPD-2651,train,3,7.02,Unstable,1,New
CPD-2652,train,2,98.39097227,Stable,0,New
CPD-2653,train,0,96.78,Stable,0,Old
CPD-2654,external_test,,105.44,Stable,0,Old
CPD-2655,train,3,3.69,Unstable,1,Old
CPD-2657,train,1,80.09,Stable,0,New
CPD-2658,internal_test,,111.51,Stable,0,Old
CPD-2659,train,0,2.1,Unstable,1,New
CPD-2660,train,3,1.020349359,Unstable,1,New
CPD-2661,train,2,82.21,Stable,0,New
CPD-2662,train,1,80.87,Stable,0,New
CPD-2663,train,2,105.99,Stable,0,Old
CPD-2664,train,4,89.26,Stable,0,Old
CPD-2665,train,2,69.03,Stable,0,New
CPD-2666,train,4,120.0,Stable,0,Old
CPD-2667,train,4,120.0,Stable,0,New
CPD-2668,train,3,50.3,Stable,0,Old
CPD-2670,internal_test,,120.0,Stable,0,New
CPD-2671,train,4,73.21,Stable,0,New
CPD-2672,train,3,120.0,Stable,0,New
CPD-2673,train,1,120.0,Stable,0,Old
CPD-2674,train,0,120.0,Stable,0,New
CPD-2675,external_test,,120.0,Stable,0,New
CPD-2676,train,2,48.45999891,Stable,0,New
CPD-2677,train,1,120.0,Stable,0,New
CPD-2678,train,0,91.86,Stable,0,New
CPD-2679,train,2,120.0,Stable,0,New
CPD-2680,train,3,120.0,Stable,0,Old
CPD-2681,train,4,120.0,Stable,0,Old
CPD-2682,train,3,120.0,Stable,0,New
CPD-2683,external_test,,68.18,Stable,0,New
CPD-2684,train,1,120.0,Stable,0,New
CPD-2685,train,4,120.0,Stable,0,Old
CPD-2686,internal_test,,94.28,Stable,0,New
CPD-2688,train,1,120.0,Stable,0,Old
CPD-2689,train,3,120.0,Stable,0,Old
CPD-2690,internal_test,,120.0,Stable,0,Old
CPD-2691,train,3,120.0,Stable,0,New
CPD-2692,train,0,120.0,Stable,0,New
CPD-2693,internal_test,,85.86,Stable,0,New
CPD-2694,train,1,79.08,Stable,0,Old
CPD-2695,train,0,120.0,Stable,0,Old
CPD-2696,train,2,120.0,Stable,0,Old
CPD-2697,train,4,120.0,Stable,0,Old
CPD-2698,train,4,120.0,Stable,0,Old
CPD-2699,train,4,120.0,Stable,0,New
CPD-2700,train,0,120.0,Stable,0,Old
CPD-2702,train,3,93.62,Stable,0,Old
CPD-2703,train,1,120.0,Stable,0,Old
CPD-2704,train,4,94.7,Stable,0,New
CPD-2705,train,2,120.0,Stable,0,New
CPD-2706,train,0,120.0,Stable,0,New
CPD-2707,train,4,120.0,Stable,0,New
CPD-2708,external_test,,120.0,Stable,0,New
CPD-2709,train,4,28.34,Unstable,1,Old
CPD-2710,train,4,120.0,Stable,0,Old
CPD-2711,train,3,105.4,Stable,0,Old
CPD-2712,train,3,120.0,Stable,0,Old
CPD-2713,train,4,120.0,Stable,0,Old
CPD-2714,train,4,120.0,Stable,0,Old
CPD-2715,train,0,120.0,Stable,0,Old
CPD-2716,internal_test,,43.9,Stable,0,New
CPD-2718,internal_test,,120.0,Stable,0,Old
CPD-2721,train,2,120.0,Stable,0,Old
CPD-2722,train,1,27.42,Unstable,1,Old
CPD-2723,train,1,13.89,Unstable,1,New
CPD-2725,train,2,119.51,Stable,0,Old
CPD-2726,train,2,77.95343347,Stable,0,New
CPD-2727,internal_test,,104.32,Stable,0,Old
CPD-2728,train,1,38.28,Stable,0,New
CPD-2729,train,3,103.84,Stable,0,New
CPD-2730,train,3,120.0,Stable,0,Old
CPD-2731,train,3,52.67,Stable,0,New
CPD-2732,external_test,,120.0,Stable,0,Old
CPD-2733,internal_test,,120.0,Stable,0,Old
CPD-2734,train,3,120.0,Stable,0,New
CPD-2735,train,0,3.95,Unstable,1,Old
CPD-2736,train,3,120.0,Stable,0,Old
CPD-2737,train,3,120.0,Stable,0,New
CPD-2738,train,0,120.0,Stable,0,New
CPD-2739,train,3,120.0,Stable,0,Old
CPD-2740,train,3,80.03267204,Stable,0,New
CPD-2741,train,0,59.92,Stable,0,New
CPD-2742,train,2,111.37,Stable,0,Old
CPD-2743,external_test,,6.69,Unstable,1,New
CPD-2744,train,3,44.3,Stable,0,Old
CPD-2745,train,0,110.58,Stable,0,Old
CPD-2746,train,1,120.0,Stable,0,New
CPD-2747,train,1,38.62,Stable,0,Old
CPD-2748,train,3,86.15,Stable,0,Old
CPD-2749,train,4,86.38,Stable,0,Old
CPD-2750,internal_test,,24.95,Unstable,1,New
CPD-2751,train,2,120.0,Stable,0,New
CPD-2752,train,4,120.0,Stable,0,Old
CPD-2753,train,3,99.42,Stable,0,New
CPD-2754,external_test,,120.0,Stable,0,New
CPD-2755,train,4,85.74049142,Stable,0,New
CPD-2756,train,0,52.02,Stable,0,Old
CPD-2757,external_test,,47.8,Stable,0,Old
CPD-2758,train,0,120.0,Stable,0,New
CPD-2759,train,1,120.0,Stable,0,Old
CPD-2760,train,3,84.15,Stable,0,Old
CPD-2762,internal_test,,120.0,Stable,0,New
CPD-2763,train,3,65.88,Stable,0,New
CPD-2764,internal_test,,120.0,Stable,0,Old
CPD-2765,train,4,113.9983478,Stable,0,New
CPD-2766,internal_test,,120.0,Stable,0,New
CPD-2767,train,4,13.21,Unstable,1,New
CPD-2768,train,0,120.0,Stable,0,New
CPD-2769,train,0,120.0,Stable,0,New
CPD-2770,external_test,,7.82,Unstable,1,New
CPD-2771,external_test,,115.98,Stable,0,New
CPD-2772,train,3,120.0,Stable,0,Old
CPD-2773,train,2,120.0,Stable,0,New
CPD-2774,train,3,120.0,Stable,0,New
CPD-2776,internal_test,,103.21,Stable,0,Old
CPD-2777,train,2,120.0,Stable,0,New
CPD-2778,train,0,7.82,Unstable,1,New
CPD-2779,train,0,11.18,Unstable,1,New
CPD-2780,train,4,120.0,Stable,0,New
CPD-2781,train,3,120.0,Stable,0,New
CPD-2783,train,0,120.0,Stable,0,Old
CPD-2784,train,4,120.0,Stable,0,New
CPD-2785,internal_test,,120.0,Stable,0,New
CPD-2786,train,0,120.0,Stable,0,Old
CPD-2787,train,1,120.0,Stable,0,Old
CPD-2788,train,3,37.52,Stable,0,Old
CPD-2789,train,2,74.11,Stable,0,Old
CPD-2790,train,4,84.00957954,Stable,0,New
CPD-2791,train,4,120.0,Stable,0,New
CPD-2792,train,0,120.0,Stable,0,New
CPD-2793,train,3,120.0,Stable,0,New
CPD-2794,train,3,120.0,Stable,0,New
CPD-2795,train,1,120.0,Stable,0,Old
CPD-2796,train,4,68.94,Stable,0,Old
CPD-2797,train,1,83.95,Stable,0,Old
CPD-2798,train,4,65.38,Stable,0,New
CPD-2799,train,0,94.39,Stable,0,Old
CPD-2800,internal_test,,120.0,Stable,0,Old
CPD-2801,train,1,120.0,Stable,0,Old
CPD-2802,train,4,120.0,Stable,0,New
CPD-2803,train,4,104.0,Stable,0,New
CPD-2804,train,0,120.0,Stable,0,New
CPD-2805,internal_test,,120.0,Stable,0,New
CPD-2806,train,4,102.09,Stable,0,Old
CPD-2807,train,1,9.45,Unstable,1,New
CPD-2808,train,1,120.0,Stable,0,New
CPD-2809,train,1,120.0,Stable,0,New
CPD-2810,internal_test,,47.2,Stable,0,Old
CPD-2811,internal_test,,120.0,Stable,0,New
CPD-2812,train,4,120.0,Stable,0,New
CPD-2813,train,4,120.0,Stable,0,New
CPD-2814,train,2,120.0,Stable,0,New
CPD-2815,internal_test,,120.0,Stable,0,Old
CPD-2816,train,2,120.0,Stable,0,Old
CPD-2817,train,2,120.0,Stable,0,New
CPD-2818,train,2,120.0,Stable,0,Old
CPD-2819,internal_test,,120.0,Stable,0,New
CPD-2820,external_test,,120.0,Stable,0,New
CPD-2821,train,3,95.44,Stable,0,New
CPD-2822,train,4,120.0,Stable,0,New
CPD-2823,train,1,21.58,Unstable,1,Old
CPD-2824,train,3,120.0,Stable,0,Old
CPD-2825,train,4,120.0,Stable,0,New
CPD-2826,train,0,120.0,Stable,0,Old
CPD-2827,train,4,120.0,Stable,0,New
CPD-2828,train,1,46.23,Stable,0,New
CPD-2829,external_test,,120.0,Stable,0,Old
CPD-2830,train,3,120.0,Stable,0,New
CPD-2831,train,3,120.0,Stable,0,New
CPD-2832,external_test,,120.0,Stable,0,New
CPD-2834,train,1,7.87,Unstable,1,Old
CPD-2835,train,2,120.0,Stable,0,New
CPD-2836,external_test,,120.0,Stable,0,New
CPD-2837,train,2,106.77,Stable,0,New
CPD-2838,train,1,120.0,Stable,0,New
CPD-2839,train,0,120.0,Stable,0,Old
CPD-2840,train,0,114.57,Stable,0,Old
CPD-2841,train,0,83.39,Stable,0,Old
CPD-2842,train,2,103.1517742,Stable,0,New
CPD-2843,train,1,120.0,Stable,0,New
CPD-2844,train,2,102.44,Stable,0,New
CPD-2845,train,1,120.0,Stable,0,Old
CPD-2846,train,4,120.0,Stable,0,Old
CPD-2847,train,2,120.0,Stable,0,New
CPD-2848,train,1,120.0,Stable,0,New
CPD-2849,train,2,90.08,Stable,0,New
CPD-2850,train,3,120.0,Stable,0,Old
CPD-2851,train,3,95.41,Stable,0,New
CPD-2852,train,0,74.69,Stable,0,New
CPD-2853,train,3,120.0,Stable,0,Old
CPD-2854,train,4,103.79,Stable,0,New
CPD-2855,train,1,120.0,Stable,0,Old
CPD-2856,train,4,91.22,Stable,0,New
CPD-2857,internal_test,,120.0,Stable,0,New
CPD-2858,train,0,120.0,Stable,0,Old
CPD-2859,train,4,108.47,Stable,0,Old
CPD-2860,train,3,120.0,Stable,0,Old
CPD-2861,train,2,120.0,Stable,0,New
CPD-2862,train,3,92.58,Stable,0,Old
CPD-2863,train,1,69.57,Stable,0,Old
CPD-2864,external_test,,120.0,Stable,0,New
CPD-2865,external_test,,120.0,Stable,0,New
CPD-2866,train,2,120.0,Stable,0,New
CPD-2867,train,1,6.51,Unstable,1,New
CPD-2869,train,4,120.0,Stable,0,New
CPD-2871,train,2,108.05,Stable,0,Old
CPD-2872,train,0,89.55,Stable,0,Old
CPD-2873,train,2,120.0,Stable,0,New
CPD-2874,train,0,120.0,Stable,0,New
CPD-2875,train,1,120.0,Stable,0,Old
CPD-2876,train,4,120.0,Stable,0,Old
CPD-2877,internal_test,,118.9,Stable,0,New
CPD-2878,train,2,25.28,Unstable,1,Old
CPD-2879,train,3,94.33,Stable,0,New
CPD-2880,train,3,120.0,Stable,0,Old
CPD-2882,external_test,,75.85,Stable,0,New
CPD-2883,train,1,120.0,Stable,0,Old
CPD-2885,train,0,98.82,Stable,0,New
CPD-2886,train,2,117.6,Stable,0,Old
CPD-2887,external_test,,120.0,Stable,0,Old
CPD-2888,train,2,120.0,Stable,0,Old
CPD-2889,internal_test,,63.62,Stable,0,New
CPD-2890,train,3,120.0,Stable,0,Old
CPD-2891,train,4,120.0,Stable,0,Old
CPD-2892,external_test,,120.0,Stable,0,New
CPD-2893,train,2,120.0,Stable,0,New
CPD-2894,train,1,94.08,Stable,0,Old
CPD-2895,train,2,100.28,Stable,0,Old
CPD-2896,internal_test,,120.0,Stable,0,New
CPD-2897,external_test,,120.0,Stable,0,New
CPD-2898,train,3,9.46,Unstable,1,New
CPD-2899,train,4,120.0,Stable,0,New
CPD-2900,train,1,73.77360116,Stable,0,New
CPD-2901,train,1,120.0,Stable,0,New
CPD-2902,train,0,120.0,Stable,0,Old
CPD-2903,external_test,,120.0,Stable,0,New
CPD-2904,train,2,120.0,Stable,0,New
CPD-2905,train,2,82.32304099,Stable,0,New
CPD-2906,train,0,120.0,Stable,0,Old
CPD-2907,train,2,120.0,Stable,0,New
CPD-2908,train,3,120.0,Stable,0,New
CPD-2909,train,3,120.0,Stable,0,New
CPD-2910,train,1,36.54,Stable,0,Old
CPD-2911,train,2,120.0,Stable,0,Old
CPD-2912,train,1,120.0,Stable,0,New
CPD-2913,train,2,120.0,Stable,0,New
CPD-2916,train,2,120.0,Stable,0,New
CPD-2917,train,0,94.17,Stable,0,New
CPD-2918,train,2,114.9,Stable,0,Old
CPD-2919,train,3,107.69,Stable,0,New
CPD-2920,train,4,82.41,Stable,0,Old
CPD-2921,train,1,51.07,Stable,0,New
CPD-2922,train,0,25.75,Unstable,1,Old
CPD-2923,train,1,120.0,Stable,0,Old
CPD-2925,train,3,120.0,Stable,0,Old
CPD-2926,train,3,66.66,Stable,0,Old
CPD-2927,train,4,120.0,Stable,0,Old
CPD-2928,train,0,86.4,Stable,0,Old
CPD-2929,train,4,120.0,Stable,0,Old
CPD-2931,train,2,120.0,Stable,0,New
CPD-2932,train,2,120.0,Stable,0,New
CPD-2933,train,0,120.0,Stable,0,Old
CPD-2934,train,3,120.0,Stable,0,New
CPD-2935,train,0,120.0,Stable,0,Old
CPD-2936,external_test,,120.0,Stable,0,New
CPD-2937,train,2,120.0,Stable,0,Old
CPD-2938,train,2,109.66,Stable,0,Old
CPD-2939,train,4,120.0,Stable,0,Old
CPD-2940,train,0,120.0,Stable,0,New
CPD-2941,train,3,67.4,Stable,0,Old
CPD-2942,train,4,120.0,Stable,0,New
CPD-2943,internal_test,,103.96,Stable,0,New
CPD-2944,train,0,119.32,Stable,0,Old
CPD-2945,train,1,120.0,Stable,0,New
CPD-2946,train,2,120.0,Stable,0,Old
CPD-2947,train,0,120.0,Stable,0,New
CPD-2948,train,0,116.93,Stable,0,New
CPD-2949,train,4,109.39,Stable,0,Old
CPD-2950,train,4,120.0,Stable,0,New
CPD-2951,external_test,,118.22,Stable,0,New
CPD-2952,train,1,120.0,Stable,0,Old
CPD-2953,train,2,100.31,Stable,0,Old
CPD-2954,train,0,78.73589445,Stable,0,New
CPD-2955,train,1,6.73,Unstable,1,Old
CPD-2956,train,2,91.85,Stable,0,New
CPD-2957,train,4,120.0,Stable,0,Old
CPD-2958,train,3,99.3,Stable,0,Old
CPD-2959,train,2,64.15242102,Stable,0,New
CPD-2960,train,0,120.0,Stable,0,Old
CPD-2961,train,2,120.0,Stable,0,Old
CPD-2962,train,4,66.58,Stable,0,New
CPD-2963,train,3,120.0,Stable,0,New
CPD-2964,train,4,120.0,Stable,0,New
CPD-2965,train,0,120.0,Stable,0,New
CPD-2966,train,2,120.0,Stable,0,New
CPD-2967,train,1,117.48,Stable,0,Old
CPD-2968,train,1,110.53,Stable,0,Old
CPD-2969,train,0,120.0,Stable,0,New
CPD-2970,train,1,12.43,Unstable,1,Old
CPD-2971,train,2,29.74,Unstable,1,New
CPD-2972,train,1,120.0,Stable,0,Old
CPD-2973,external_test,,14.65,Unstable,1,Old
CPD-2974,train,4,120.0,Stable,0,New
CPD-2975,internal_test,,120.0,Stable,0,New
CPD-2976,external_test,,66.9,Stable,0,Old
CPD-2977,internal_test,,120.0,Stable,0,New
CPD-2978,train,3,16.98,Unstable,1,Old
CPD-2979,train,4,120.0,Stable,0,Old
CPD-2980,train,4,114.48,Stable,0,Old
CPD-2981,train,1,120.0,Stable,0,Old
CPD-2982,train,1,120.0,Stable,0,Old
CPD-2983,train,0,120.0,Stable,0,New
CPD-2984,train,1,29.83,Unstable,1,New
CPD-2985,train,2,120.0,Stable,0,New
CPD-2986,train,0,120.0,Stable,0,New
CPD-2987,train,1,120.0,Stable,0,Old
CPD-2988,train,3,120.0,Stable,0,New
CPD-2989,train,0,120.0,Stable,0,Old
CPD-2990,train,1,18.23,Unstable,1,New
CPD-2991,internal_test,,120.0,Stable,0,Old
CPD-2992,train,2,120.0,Stable,0,New
CPD-2993,internal_test,,120.0,Stable,0,New
CPD-2994,train,2,120.0,Stable,0,Old
CPD-2995,train,3,120.0,Stable,0,Old
CPD-2996,train,3,57.08,Stable,0,Old
CPD-2997,train,2,120.0,Stable,0,New
CPD-2998,train,4,67.68,Stable,0,New
CPD-2999,train,4,13.69,Unstable,1,Old
CPD-3000,train,3,95.19,Stable,0,Old
CPD-3001,train,0,120.0,Stable,0,New
CPD-3002,train,1,120.0,Stable,0,New
CPD-3003,train,0,120.0,Stable,0,New
CPD-3004,train,3,120.0,Stable,0,Old
CPD-3005,train,4,120.0,Stable,0,New
CPD-3006,train,0,120.0,Stable,0,New
CPD-3007,internal_test,,120.0,Stable,0,New
CPD-3008,train,2,120.0,Stable,0,Old
CPD-3009,train,2,97.65,Stable,0,New
CPD-3010,train,1,120.0,Stable,0,New
CPD-3011,external_test,,1.486815336,Unstable,1,New
CPD-3012,train,1,120.0,Stable,0,New
CPD-3013,train,1,120.0,Stable,0,New
CPD-3014,train,0,120.0,Stable,0,Old
CPD-3015,train,2,93.58922446,Stable,0,New
CPD-3016,internal_test,,1.76,Unstable,1,New
CPD-3017,internal_test,,120.0,Stable,0,New
CPD-3018,train,0,120.0,Stable,0,New
CPD-3019,train,1,11.68,Unstable,1,New
CPD-3020,internal_test,,120.0,Stable,0,New
CPD-3021,internal_test,,120.0,Stable,0,New
CPD-3022,train,3,0.504750021,Unstable,1,New
CPD-3023,train,1,120.0,Stable,0,Old
CPD-3024,train,2,120.0,Stable,0,New
CPD-3025,train,3,72.4,Stable,0,New
CPD-3026,train,4,120.0,Stable,0,Old
CPD-3027,train,2,120.0,Stable,0,New
CPD-3028,train,4,120.0,Stable,0,Old
CPD-3029,train,2,89.52670213,Stable,0,New
CPD-3030,train,2,56.67,Stable,0,Old
CPD-3031,external_test,,4.56,Unstable,1,New
CPD-3032,train,2,90.87,Stable,0,Old
CPD-3033,train,1,8.4,Unstable,1,Old
CPD-3034,train,0,119.68,Stable,0,Old
CPD-3035,internal_test,,71.39,Stable,0,New
CPD-3036,train,4,120.0,Stable,0,Old
CPD-3037,internal_test,,120.0,Stable,0,Old
CPD-3038,internal_test,,85.26382921,Stable,0,New
CPD-3039,train,2,120.0,Stable,0,New
CPD-3040,train,1,120.0,Stable,0,Old
CPD-3041,train,3,97.1692453,Stable,0,New
CPD-3042,train,3,120.0,Stable,0,New
CPD-3043,train,4,100.31,Stable,0,Old
CPD-3044,external_test,,59.26,Stable,0,New
CPD-3045,train,3,120.0,Stable,0,Old
CPD-3046,train,3,120.0,Stable,0,New
CPD-3047,train,0,120.0,Stable,0,Old
CPD-3048,train,2,120.0,Stable,0,Old
CPD-3049,train,3,120.0,Stable,0,Old
CPD-3050,train,4,105.2234317,Stable,0,New
CPD-3051,train,1,120.0,Stable,0,New
CPD-3052,train,3,120.0,Stable,0,Old
CPD-3053,train,3,120.0,Stable,0,New
CPD-3054,train,0,10.83,Unstable,1,New
CPD-3055,train,4,22.13,Unstable,1,Old
CPD-3056,train,3,107.57,Stable,0,Old
CPD-3057,train,2,120.0,Stable,0,New
CPD-3058,train,1,120.0,Stable,0,New
CPD-3060,train,0,95.2956359,Stable,0,New
CPD-3061,train,2,120.0,Stable,0,New
CPD-3062,train,3,120.0,Stable,0,New
CPD-3063,train,3,120.0,Stable,0,New
CPD-3064,internal_test,,120.0,Stable,0,New
CPD-3065,external_test,,42.63,Stable,0,New
CPD-3066,train,0,114.7,Stable,0,Old
CPD-3067,train,3,120.0,Stable,0,New
CPD-3068,train,0,120.0,Stable,0,New
CPD-3069,external_test,,79.75,Stable,0,Old
CPD-3070,train,2,120.0,Stable,0,Old
CPD-3071,internal_test,,120.0,Stable,0,Old
CPD-3072,train,0,47.36,Stable,0,Old
CPD-3073,train,1,120.0,Stable,0,New
CPD-3074,train,2,120.0,Stable,0,Old
